NiftyFootballTradingCardEliteBlindPack.sol,0.5.0,NiftyFootballTradingCardEliteBlindPack
NiftyStaticCalls.sol,0.5.4,NiftyStaticCalls
NiftyWallet.sol,0.5.4,NiftyWallet
NiMingToken.sol,0.4.23,NiMingToken
NioShares.sol,0.4.25,NioShares
NIRXToken.sol,0.4.11,SafeMath
NIRXToken.sol,0.4.11,WithdrawVault
NIRXToken.sol,0.4.11,RefundVault
NIRXToken.sol,0.4.11,TokenRecipient
NIRXToken.sol,0.4.11,NIRXToken
NKHToken.sol,0.4.18,NKHToken
NMSST.sol,0.5.2,NMSST
NodeOn.sol,0.5.0,NodeOn
nOiBCkqf.sol,0.4.25,nOiBCkqf
NoizToken.sol,0.5.3,NoizToken
NormalToken.sol,0.4.18,NormalToken
Northart.sol,0.4.23,Northart
NowTees.sol,0.5.0,NowTees
NPX.sol,0.4.25,NPX
NTA3D.sol,0.4.25,NTA3D
NuevaToken.sol,0.4.24,NuevaToken
Number.sol,0.5.7,Number
NumeraireDelegate.sol,0.4.10,NumeraireDelegate
NuQoin.sol,0.4.24,NuQoin
Nyomi.sol,0.4.18,Nyomi
OBC.sol,0.4.24,OBC
OceanProtocol.sol,0.4.18,OceanProtocol
OceanToken.sol,0.5.3,OceanToken
ODXPrivateSale.sol,0.4.23,ODXToken
ODXPrivateSale.sol,0.4.23,ODXPrivateSale
ODXToken.sol,0.4.23,ODXToken
OffChainManagerImpl.sol,0.4.10,OwnerValidatorImpl
OffChainManagerImpl.sol,0.4.10,OffChainManagerImpl
OffChainManagerImpl.sol,0.4.10,SafeMath
OffChainManagerImpl.sol,0.4.10,TokenContractImpl
OffChainManagerImpl.sol,0.4.10,MainContract
OJI.sol,0.4.21,OJI
OkgStandardToken.sol,0.4.21,OkgStandardToken
OMNIS.sol,0.4.25,OMNIS
OneTimesBondContract.sol,0.5.1,OneTimesBondContract
Onigiri.sol,0.5.0,Onigiri
OnLineChain.sol,0.4.4,OnLineChain
online_vault.sol,0.4.25,online_vault
online_wallet.sol,0.4.25,online_wallet
OOOToken.sol,0.4.25,OOOToken
OperationImpl.sol,0.5.7,
Operator.sol,0.5.3,Operator
OptionsEscrow.sol,0.4.22,OptionsEscrow
OracleAdapter.sol,0.5.7,OracleAdapter
Oraclize.sol,0.4.24,Oraclize
OrbsGuardians.sol,0.4.25,OrbsGuardians
OrbsSubscriptions.sol,0.4.25,OrbsSubscriptions
OrbsValidators.sol,0.4.25,OrbsValidators
OrbsValidatorsRegistry.sol,0.4.25,OrbsValidatorsRegistry
OrbsVoting.sol,0.4.25,OrbsVoting
OrderGateway.sol,0.5.5,XcertToken
OrderGateway.sol,0.5.5,XcertCreateProxy
OrderGateway.sol,0.5.5,OrderGateway
Orders.sol,0.5.0,Orders
Orders.sol,0.5.0,Sell_eth
Orders.sol,0.5.0,Buy_eth
OreOreCoin.sol,0.4.24,OreOreCoin
OrganizationRegister.sol,0.5.4,Reputation
OrganizationRegister.sol,0.5.4,DAOToken
OrganizationRegister.sol,0.5.4,Avatar
OrganizationRegister.sol,0.5.4,OrganizationRegister
OROCoin.sol,0.4.22,OROCoin
Ortp.sol,0.5.2,Ortp
OSEToken.sol,0.4.24,OSEToken
OTCDesk.sol,0.5.4,OTCDeal
OTCDesk.sol,0.5.4,OTCDesk
OurERC20.sol,0.4.22,OurERC20
OWLAirdrop.sol,0.5.2,Proxy
OWLAirdrop.sol,0.5.2,TokenGNO
OWLAirdrop.sol,0.5.2,TokenOWL
OWLAirdrop.sol,0.5.2,OWLAirdrop
Ownable.sol,0.4.22,Ownable
OwnBackupSign.sol,0.4.24,OwnBackupSign
OwnedUpgradeabilityProxy.sol,0.4.23,OwnedUpgradeabilityProxy
OwnsArt.sol,0.4.24,OwnsArt
OwnsArtSplit.sol,0.5.0,OwnsArtSplit
P2PS.sol,0.5.7,P2PS
P2PX.sol,0.5.3,P2PX
PaiYuanBaoToken.sol,0.5.0,PaiYuanBaoToken
PakGoldCoin.sol,0.4.18,PakGoldCoin
palacecoin.sol,0.4.25,palacecoin
PALToken.sol,0.4.25,PALToken
PanDuo.sol,0.4.4,PanDuo
PassportLogic.sol,0.4.24,PassportLogic
PATC.sol,0.5.7,PATC
Pausable.sol,0.4.24,Whitelist
Pausable.sol,0.4.24,Xcoin
PausedCAD.sol,0.4.23,Registry
PausedCAD.sol,0.4.23,BalanceSheet
PausedCAD.sol,0.4.23,AllowanceSheet
PausedCAD.sol,0.4.23,PausedTrueUSD
PausedCAD.sol,0.4.23,PausedAUD
PausedCAD.sol,0.4.23,PausedGBP
PausedCAD.sol,0.4.23,PausedCAD
PAXTokenReserve.sol,0.5.4,PAXTokenReserve
PAXTRExchange.sol,0.5.0,PAXTRExchange
PayableProxyForSoloMargin.sol,0.5.7,WETH9
PayableProxyForSoloMargin.sol,0.5.7,SoloMargin
PayableProxyForSoloMargin.sol,0.5.7,PayableProxyForSoloMargin
PaymentsLayer.sol,0.5.4,PaymentsLayer
PayTech.sol,0.5.0,PayTech
PCW.sol,0.5.4,PCW
PDAToken.sol,0.4.25,PDAToken
PeepethBadges.sol,0.5.8,ERC721Metadata
PeepethBadges.sol,0.5.8,PeepethBadges
Penguin.sol,0.4.25,Penguin
PHO.sol,0.5.0,PHO
Photo01.sol,0.4.25,Photo01
PhxGo.sol,0.4.22,StandardToken
PhxGo.sol,0.4.22,PhxGo
Pi.sol,0.4.24,Pi
PIBC.sol,0.5.7,PIBC
PickflixGameFactory.sol,0.4.24,PickFlixToken
PickflixGameFactory.sol,0.4.24,PickflixGameMaster
PickflixGameFactory.sol,0.4.24,PickflixGameFactory
