cttest.sol,0.4.18,cttest
CubeCore.sol,0.5.0,CubeCore
CURESToken.sol,0.4.24,CURESToken
Custodian.sol,0.4.21,Custodian
customIcoToken.sol,0.4.24,customIcoToken
CustomToken.sol,0.4.19,CustomToken
CuteCoinShop.sol,0.4.23,CuteCoinShop
CyberExchangeToken.sol,0.4.24,CyberExchangeToken
Cycle.sol,0.4.18,Cycle
CzechosSmartcpay.sol,0.4.25,CzechosSmartcpay
DACToken.sol,0.5.0,DACToken
DAIHardFactory.sol,0.5.6,DAIHardFactory
DAIHardFactory.sol,0.5.6,DAIHardTrade
DAILYC.sol,0.4.16,DAILYC
DailyGame.sol,0.5.6,DailyGame
DaiPriceOracle.sol,0.5.7,DaiPriceOracle
DaoCreator.sol,0.5.4,Reputation
DaoCreator.sol,0.5.4,DAOToken
DaoCreator.sol,0.5.4,Avatar
DaoCreator.sol,0.5.4,UniversalScheme
DaoCreator.sol,0.5.4,UController
DaoCreator.sol,0.5.4,Controller
DaoCreator.sol,0.5.4,ControllerCreator
DaoCreator.sol,0.5.4,DaoCreator
DAOFactory.sol,0.4.24,AppProxyUpgradeable
DAOFactory.sol,0.4.24,AppProxyPinned
DAOFactory.sol,0.4.24,Kernel
DAOFactory.sol,0.4.24,KernelProxy
DAOFactory.sol,0.4.24,ACL
DAOFactory.sol,0.4.24,EVMScriptRegistry
DAOFactory.sol,0.4.24,CallsScript
DAOFactory.sol,0.4.24,EVMScriptRegistryFactory
DAOFactory.sol,0.4.24,DAOFactory
DAORegistry.sol,0.5.4,DAORegistry
DaoSpecialVotingClaims.sol,0.4.25,DaoWhitelistingStorage
DaoSpecialVotingClaims.sol,0.4.25,DaoProposalCounterStorage
DaoSpecialVotingClaims.sol,0.4.25,DaoUpgradeStorage
DaoSpecialVotingClaims.sol,0.4.25,DaoFundingManager
DaoSpecialVotingClaims.sol,0.4.25,DaoRewardsManager
DaoSpecialVotingClaims.sol,0.4.25,DaoSpecialVotingClaims
DaoVotingClaims.sol,0.4.25,DaoWhitelistingStorage
DaoVotingClaims.sol,0.4.25,DaoUpgradeStorage
DaoVotingClaims.sol,0.4.25,DaoRewardsManager
DaoVotingClaims.sol,0.4.25,DaoVotingClaims
dapMerkle.sol,0.5.3,dapMerkle
DappleAirdrops.sol,0.4.19,DappleAirdrops
DarchNetwork.sol,0.5.10,DarchNetwork
DarknodePayment.sol,0.5.8,RenToken
DarknodePayment.sol,0.5.8,DarknodeSlasher
DarknodePayment.sol,0.5.8,DarknodeRegistryStore
DarknodePayment.sol,0.5.8,DarknodeRegistry
DarknodePayment.sol,0.5.8,DarknodePaymentStore
DarknodePayment.sol,0.5.8,DarknodePayment
DarknodePaymentStore.sol,0.5.8,RenToken
DarknodePaymentStore.sol,0.5.8,DarknodeSlasher
DarknodePaymentStore.sol,0.5.8,DarknodeRegistryStore
DarknodePaymentStore.sol,0.5.8,DarknodeRegistry
DarknodePaymentStore.sol,0.5.8,DarknodePaymentStore
DaShaBi.sol,0.4.4,DaShaBi
DATACHAIN.sol,0.5.7,DATACHAIN
DatasetRegistry.sol,0.5.8,App
DatasetRegistry.sol,0.5.8,AppRegistry
DatasetRegistry.sol,0.5.8,Dataset
DatasetRegistry.sol,0.5.8,DatasetRegistry
DatasetRegistry.sol,0.5.8,Workerpool
DatasetRegistry.sol,0.5.8,WorkerpoolRegistry
DatasetRegistry.sol,0.5.8,IexecClerk
DatasetRegistry.sol,0.5.8,IexecHub
DateTime.sol,0.4.25,
DavichiBonus.sol,0.4.18,DavichiBonus
DavichiNetwork.sol,0.4.18,DavichiNetwork
DBSCToken.sol,0.4.25,DBSCToken
DCCToken.sol,0.4.18,DCCToken
DDEX.sol,0.4.16,DDEX
DDronairToken.sol,0.4.23,DDronairToken
DebtEngine.sol,0.5.7,DebtEngine
DeflatLottoBurn.sol,0.4.23,DeflatLottoBurn
DeflatLottoInvest.sol,0.4.23,DeflatLottoInvest
DEJCToken.sol,0.5.2,DEJCToken
DEJToken.sol,0.5.6,DEJToken
Delo.sol,0.4.21,Front
Delo.sol,0.4.21,Delo
Delo.sol,0.4.21,Grossbuch
DeMutator.sol,0.5.0,DeMutator
DEO.sol,0.4.16,DEO
DepositAsset.sol,0.5.0,DepositAsset
Deposits.sol,0.4.18,TokenDB
Deposits.sol,0.4.18,Token
Deposits.sol,0.4.18,Deposits
DepsUtils.sol,0.5.3,DepsUtils
DESH.sol,0.4.24,DESH
DestructibleMiniMeTokenFactory.sol,0.5.0,MiniMeTokenFactory
DestructibleMiniMeTokenFactory.sol,0.5.0,DestructibleMiniMeToken
DestructibleMiniMeTokenFactory.sol,0.5.0,DestructibleMiniMeTokenFactory
DestructibleMiniMeTokenFactory.sol,0.5.0,TokenListingManager
DET.sol,0.5.0,DET
DetailToken.sol,0.5.1,DetailToken
DEX_Orgon.sol,0.5.2,Token
DEX_Orgon.sol,0.5.2,DEX_Orgon
DFCoin.sol,0.4.24,DFCoin
DFH.sol,0.4.25,DFH
DigiDollar.sol,0.4.15,DigiDollar
DigitalCryptoAds.sol,0.4.25,DigitalCryptoAds
Dinngo.sol,0.5.0,Dinngo
DinngoProxy.sol,0.5.0,DinngoProxy
DinngoToken.sol,0.4.24,DinngoToken
DirectAirDrop.sol,0.4.24,DirectAirDrop
DissolutionToken.sol,0.5.1,DissolutionToken
DividendToken.sol,0.5.0,DividendToken
DKEHedge.sol,0.4.22,DKEHedge
DLBAirdrop.sol,0.4.22,DLBAirdrop
DlikeToken.sol,0.5.6,DlikeToken
DLUAToken.sol,0.4.24,DLUAToken
DMSD.sol,0.4.16,DMSD
DncToken.sol,0.4.24,DncToken
DocSignature.sol,0.4.24,DocSignature
DOCTToken.sol,0.5.0,Destructible
DOCTToken.sol,0.5.0,DOCTToken
DocumentSigner.sol,0.4.22,DocumentSigner
DOETHER.sol,0.4.25,DOETHER
