A.sol,0.5.0,A B
AaronTestCoin.sol,0.5.0,AaronTestCoin
Aavio.sol,0.5.0,Aavio
AawMTk.sol,0.4.25,AawMTk
ABOrigenVR.sol,0.4.25,ABOrigenVR
AbsoluteVote.sol,0.5.4,Reputation AbsoluteVote
ABToken.sol,0.5.3,OwnableDelegateProxy ProxyRegistry ABToken
ABTokenTransfer.sol,0.4.17,ABTokenTransfer
AccountWallet.sol,0.5.0,AccountWallet
ACCToken.sol,0.4.24,ACCToken
AceDice.sol,0.5.0,CryptoTycoonsVIPLib AceDice
ACLCERC20.sol,0.4.24,ACLCERC20
ACVToken.sol,0.4.18,ACVToken
AddressWhitelist.sol,0.5.0,AddressWhitelist
AdExCore.sol,0.5.6,AdExCore
ADMC.sol,0.5.1,ADMC
AdminImpl.sol,0.5.7,
Administrable.sol,0.4.24,CEBToken
AdminUpgradeabilityProxy.sol,0.4.24,AdminUpgradeabilityProxy
AdvancedRealityClashWeapon.sol,0.5.1,AdvancedRealityClashWeapon
AdvancedToken.sol,0.4.16,AdvancedToken
ADVC.sol,0.5.1,ADVC Crowdsale
Advertising.sol,0.4.24,TokenERC20 Advertising
AEXLToken.sol,0.4.24,AEXLToken
againstCoin.sol,0.4.24,againstCoin
Agent.sol,0.4.24,ACLHelpers KernelAppIds Agent
aGifttoken.sol,0.4.24,aGifttoken
AGR.sol,0.5.10,AGR
AICoin.sol,0.4.25,AICoin
AIETTOKEN.sol,0.4.18,AIETTOKEN
AIPBS.sol,0.5.7,AIPBS
AIPEToken.sol,0.4.24,AIPEToken
Airdrop(1).sol,0.4.24,Airdrop
airdrop(2).sol,0.4.25,airdrop
AirDrop.sol,0.4.24,AirDrop
AirDropContract.sol,0.4.20,AirDropContract
AirSaveTravelTokens.sol,0.5.6,AirSaveTravelTokens
AISCOIN.sol,0.4.24,AISCOIN
Akoya.sol,0.5.7,Akoya
Aladdin.sol,0.5.0,Aladdin
AlaskaKingSalmonCoin.sol,0.5.0,AlaskaKingSalmonCoin
AlaskaSalmonCoin.sol,0.5.0,AlaskaSalmonCoin
ALD.sol,0.4.10,ALD
ALIVA.sol,0.4.21,ALIVA
Allocation.sol,0.4.24,Allocation ColdStorage Migrations OPUCoin Vesting
Allwealthcoin.sol,0.4.18,Allwealthcoin
AmmuNationStore.sol,0.4.22,AmmuNationStore
ANASH.sol,0.5.7,ANASH
AndamanCoin.sol,0.5.7,AndamanCoin
AngelicCoin.sol,0.4.25,AngelicCoin
Annihilator.sol,0.4.25,Annihilator
AntariXtoken.sol,0.4.25,AntariXtoken
AntierToken.sol,0.5.7,AntierToken
AnyPay.sol,0.4.24,AnyPay
APCT.sol,0.4.25,APCT
Apmcoin.sol,0.5.7,Apmcoin
apple.sol,0.4.25,apple
Appppple.sol,0.4.25,Appppple
AppRegistry.sol,0.5.8,App AppRegistry Dataset DatasetRegistry Workerpool WorkerpoolRegistry IexecClerk IexecHub
ApuriGamingCoin.sol,0.4.23,ApuriGamingCoin
AQS.sol,0.5.4,AQS
AQToken.sol,0.5.0,AQToken
ArbitersPool.sol,0.5.0,ArbitersPool
ArbitrageMainnet.sol,0.5.10,ArbitrageMainnet
ARCI.sol,0.4.21,ARCI
ArdCoin.sol,0.5.0,ArdCoin
Army.sol,0.4.25,Army
ArtificialIntelligenceDefenseCoin.sol,0.4.22,
AsacCoin.sol,0.5.0,AsacCoin
AsclepiusNetwork.sol,0.4.24,AsclepiusNetwork
asdfasdf.sol,0.4.25,asdfasdf
AsiaTripper.sol,0.4.25,AsiaTripper
ASmziMzo.sol,0.4.25,ASmziMzo
AssamToken.sol,0.4.23,AssamToken
Asset.sol,0.4.25,Asset
AsseteGram.sol,0.5.7,AsseteGram
AsseteMg.sol,0.5.7,AsseteMg
AssetSeriesA.sol,0.4.25,AssetSeriesA
AssetWithWhitelist.sol,0.4.23,AssetWithWhitelist
ATEREX.sol,0.4.23,ATEREX
ATFToken.sol,0.4.24,ATFToken
AthleticPass.sol,0.4.25,AthleticPass
ATokenERC20.sol,0.4.25,ATokenERC20
atToken.sol,0.4.25,atToken
AuctionityLiveToken.sol,0.4.24,AuctionityLiveToken
AucToken.sol,0.4.21,AucToken
AURA.sol,0.4.19,AURA
Authenticity.sol,0.5.3,Authenticity
autumncoin.sol,0.4.25,autumncoin
autumncoin1.sol,0.4.25,autumncoin1
AUX1415b.sol,0.4.24,AUX1415b
AUX1415c.sol,0.4.24,AUX1415c
AUX1415d.sol,0.4.24,AUX1415d
AUX1415e.sol,0.4.24,AUX1415e
AUX1415g.sol,0.4.24,AUX1415g
AUX1418.sol,0.4.24,AUX1418
AVCToken.sol,0.4.18,AVCToken
Avengers.sol,0.4.25,Avengers
Avengers6.sol,0.4.25,Avengers6
Avengers7.sol,0.4.25,Avengers7
AVtest.sol,0.4.23,AVtest
AZT.sol,0.5.6,AZT
AztraToken.sol,0.4.16,AztraToken
AzulToken.sol,0.4.25,AzulToken
B.sol,0.4.15,B
B24.sol,0.5.0,B24
BAG.sol,0.4.24,BAG
BAGToken.sol,0.4.24,BAGToken
BAG_Token.sol,0.4.24,TokenVesting TokenVault BAG_Token
BalanceChecker.sol,0.4.24,BalanceChecker
BalanceManager.sol,0.4.25,DepositContract BalanceManager
BalanceToken.sol,0.4.24,BalanceToken
BalicoinToken.sol,0.4.24,BalicoinToken
Banana.sol,0.4.25,Banana
Banana2.sol,0.4.25,Banana2
BananaToken.sol,0.5.0,BananaToken
BancoNextDomainForSale.sol,0.4.0,BancoNextDomainForSale
Bank(1).sol,0.4.24,Bank
BANK.sol,0.4.10,BANK
BankersCoins.sol,0.4.25,BankersCoins
BankMeriIranInternationalCoins.sol,0.4.22,
Bankroll.sol,0.4.25,Bankroll GooBurnAlgo
BankUtil.sol,0.5.7,BankUtil
BANK_III_PFIII_883.sol,0.4.21,BANK_III_PFIII_883
BANK_III_PFII_883.sol,0.4.21,BANK_III_PFII_883
BANK_III_PFI_883.sol,0.4.21,BANK_III_PFI_883
BANK_II_PFIII_883.sol,0.4.21,BANK_II_PFIII_883
BANK_II_PFII_883.sol,0.4.21,BANK_II_PFII_883
BANK_II_PFI_883.sol,0.4.21,BANK_II_PFI_883
BANK_IV_PFIII_883.sol,0.4.21,BANK_IV_PFIII_883
BANK_IV_PFII_883.sol,0.4.21,BANK_IV_PFII_883
BANK_IV_PFI_883.sol,0.4.21,BANK_IV_PFI_883
BANK_I_PFIII_883.sol,0.4.21,BANK_I_PFIII_883
BANK_I_PFII_883.sol,0.4.21,BANK_I_PFII_883
BANK_I_PFI_883.sol,0.4.21,BANK_I_PFI_883
BAOToken.sol,0.4.15,BAOToken
BaRA.sol,0.5.1,KnowYourCustomer TokenSettings TokenController BaRA
BaseERC20Token.sol,0.5.6,ERC20Token
BasementOperationRealm.sol,0.4.22,
BaseRegistrarImplementation.sol,0.5.0,DeedImplementation HashRegistrar BaseRegistrarImplementation
BasicToken.sol,0.4.22,StandardToken PhxGo
BatchTransferEtherAndVoken.sol,0.5.7,BatchTransferEtherAndVoken
BATToken.sol,0.4.22,
Bbay.sol,0.4.16,Bbay
BCAChainToken.sol,0.4.24,BCAChainToken
BCBtokens.sol,0.4.23,BCBtokens
BCex.sol,0.4.23,BCex
BCM.sol,0.5.8,BCM
BDACoin.sol,0.4.25,ContractReceiver BDACoin
Bears.sol,0.5.6,GameWave Bank Bears Bulls Sale
BEST.sol,0.4.25,BEST
Betcoin.sol,0.5.7,Betcoin
BethElCoin.sol,0.4.25,BethElCoin
BetterNameService.sol,0.4.25,BetterNameService
bezos.sol,0.4.25,bezos
BFCToken.sol,0.5.6,BFCToken
BFTETOKEN.sol,0.4.18,BFTETOKEN
BFY.sol,0.5.3,BFY
BGTCoin.sol,0.4.24,BGTCoin
BIAToken.sol,0.5.7,BIAToken
BicoinToken.sol,0.4.25,BicoinToken
BidaCoin.sol,0.4.24,BidaCoin
BiecologyToken.sol,0.5.0,BiecologyToken
BiecologyToken3.sol,0.5.0,BiecologyToken3
BigHeart.sol,0.4.18,BigHeart
BIMI_DAO_31_a2.sol,0.4.25,BIMI_DAO_31_a2
BIMI_DAO_31_b.sol,0.5.1,BIMI_DAO_31_b
BIMI_DAO_33_b1.sol,0.4.25,BIMI_DAO_33_b1
BIMI_DAO_33_b2.sol,0.4.25,BIMI_DAO_33_b2
BIMI_DAO_33_b3.sol,0.4.25,BIMI_DAO_33_b3
BIMI_DAO_33_b4.sol,0.4.25,BIMI_DAO_33_b4
BIMI_DAO_33_b5.sol,0.4.25,BIMI_DAO_33_b5
BIMI_DAO_33_b6.sol,0.4.25,BIMI_DAO_33_b6
BIMI_DAO_33_B7.sol,0.4.25,BIMI_DAO_33_B7
BIMI_DAO_33_b8.sol,0.4.25,BIMI_DAO_33_b8
BinaryNetwork.sol,0.4.24,BinaryNetwork
BionToken.sol,0.4.18,BionToken
BioValueToken.sol,0.4.25,BioValueToken
BIT2P.sol,0.5.0,BIT2P
BitCar.sol,0.4.25,InvestorsStorage BitCar
Bitcash(1).sol,0.4.25,Bitcash
BitCash.sol,0.5.0,BitCash
BitCloudToken.sol,0.4.20,BitCloudToken
Bitcoin.sol,0.4.25,Bitcoin
BitcoinEthereumVision.sol,0.5.0,BitcoinEthereumVision
BitcoinInw.sol,0.4.25,BitcoinInw
BitcoinMeesterCoin.sol,0.4.25,BitcoinMeesterCoin
BitcoinSilver.sol,0.4.19,BitcoinSilver
Bitcratic.sol,0.4.11,ReserveToken AccountLevelsTest Bitcratic
BitDogsToken.sol,0.4.22,
BitDogToken.sol,0.5.4,BitDogToken
BITE.sol,0.4.24,BITE
BitHIN.sol,0.4.16,BitHIN
BITIFEX.sol,0.4.24,BITIFEX
BitNauticToken.sol,0.5.8,BitNauticToken
BitradeToken.sol,0.4.20,BitradeToken
Bitsave.sol,0.4.25,Bitsave
Bitway.sol,0.5.0,Bitway
BIZToken.sol,0.4.18,BIZToken
BKU.sol,0.5.0,BKU
BlockchainMusic.sol,0.4.25,BlockchainMusic
BlockCities.sol,0.5.0,Ownable BlockCities
BlockHashSaver.sol,0.4.22,BlockHashSaver
BlockportDistributor.sol,0.5.0,BlockportDistributor
BlueseedsToken.sol,0.5.0,BlueseedsToken
BmsCoinCore.sol,0.4.24,BmsCoinCore
BMUS.sol,0.4.18,BMUS
BNNB.sol,0.4.24,BNNB
BNT.sol,0.4.24,BNT
BOOMCOIN.sol,0.4.25,BOOMCOIN
BoostPax.sol,0.4.22,owned BoostPax
BorneoBerkaryaToken.sol,0.4.24,BorneoBerkaryaToken
BorneoBerkaryaToken1.sol,0.4.24,BorneoBerkaryaToken1
BOSCToken.sol,0.4.24,BOSCToken
BOSToken.sol,0.4.22,BOSToken
Bounty.sol,0.4.22,Bounty
BOXToken.sol,0.4.24,BOXToken
BPAKC.sol,0.5.7,BPAKC
BPP1.sol,0.5.0,BPP1
BQCCToken.sol,0.4.11,BQCCToken
BridgeCoin.sol,0.5.0,BridgeCoin
BrienneCoin.sol,0.5.0,BrienneCoin
BrightToken.sol,0.5.0,BrightToken
BroCoin.sol,0.4.24,BroCoin
brothers.sol,0.5.10,brothers
BSCToken.sol,0.4.18,BSCToken
BTCCToken.sol,0.4.25,BTCCToken
BtcnnRoll.sol,0.4.25,BtcnnRoll
BteApplication.sol,0.4.18,BteApplication
BuildCoinToken.sol,0.4.24,BuildCoinToken
BuildCoinToken22.sol,0.4.24,BuildCoinToken22
BUKToken.sol,0.4.21,BUKToken
bulkSender.sol,0.5.4,bulkSender
Bulls.sol,0.5.6,GameWave Bank Bears Bulls Sale
BundlsToken.sol,0.4.22,
Burner.sol,0.4.11,Burner
burnFromLotto.sol,0.4.23,burnFromLotto
BurningToken.sol,0.4.25,BurningToken
Bussiness.sol,0.4.25,Bussiness
BuxToken.sol,0.5.0,BuxToken
BVABurner.sol,0.5.0,BVABurner
BXB.sol,0.4.23,BXB
BYK.sol,0.4.10,BYK
C0xToken.sol,0.4.24,C0xToken
C10Token.sol,0.5.6,InvictusWhitelist C10Token
CAB.sol,0.4.22,CAB
CAEE.sol,0.5.7,CAEE
Call.sol,0.4.24,HelloEx Call
CallsScript.sol,0.4.24,CallsScript
capital.sol,0.4.25,capital
CARBRC20.sol,0.4.16,CARBRC20
CarDataChainCoinTest.sol,0.4.25,CarDataChainCoinTest
CardRPS.sol,0.5.0,CryptoTycoonsVIPLib CardRPS
CareerOnToken.sol,0.5.1,CareerOnToken
CAREToken.sol,0.4.18,CAREToken
carion.sol,0.4.25,carion
CARTCRC20.sol,0.4.16,CARTCRC20
CARXToken.sol,0.4.24,CARXToken
casual_game.sol,0.4.25,casual_game
CatenaToken.sol,0.4.20,CatenaToken
CATK.sol,0.5.0,CATK
CBD.sol,0.4.15,CBD
CBNX.sol,0.4.24,CBNX
CCD_EUROSIBENERGO_20190326_1.sol,0.4.25,CCD_EUROSIBENERGO_20190326_1
CCD_EUROSIBENERGO_20190326_2.sol,0.4.25,CCD_EUROSIBENERGO_20190326_2
CCD_EUROSIBENERGO_20190326_3.sol,0.4.25,CCD_EUROSIBENERGO_20190326_3
CCD_EUROSIBENERGO_20190326_4.sol,0.4.25,CCD_EUROSIBENERGO_20190326_4
CCD_EUROSIBENERGO_20190326_5.sol,0.4.25,CCD_EUROSIBENERGO_20190326_5
CCD_PRB_BYR_20190412_1.sol,0.4.25,CCD_PRB_BYR_20190412_1
CCH_Form.sol,0.4.25,CCH_Form
CCH_NDD_001_1.sol,0.4.25,CCH_NDD_001_1
CCPToken.sol,0.4.19,CCPToken
CELT.sol,0.4.24,CELT
CentralizedOracle.sol,0.5.0,CentralizedOracle
CentralizedStore.sol,0.5.0,CentralizedStore
CErc20.sol,0.5.8,ComptrollerErrorReporter CErc20
Certificates.sol,0.5.0,Certificates
CertificationRegistry.sol,0.5.0,IndividualCertification OrganizationalCertification CertificationRegistry
CEther.sol,0.5.8,ComptrollerErrorReporter CEther
cgkgame.sol,0.4.25,cgkgame
ChainBot2000.sol,0.5.1,ChainBot2000
ChainedHashLogger.sol,0.4.22,ChainedHashLogger
ChannelWallet.sol,0.5.0,ChannelWallet
CharityChallenge.sol,0.5.0,CharityChallenge
CharityProject.sol,0.4.24,CharityProject
CHEMCHINA_PFIII_III_883.sol,0.4.25,CHEMCHINA_PFIII_III_883
CHEMCHINA_PFIII_II_883.sol,0.4.25,CHEMCHINA_PFIII_II_883
CHEMCHINA_PFII_III_883.sol,0.4.25,CHEMCHINA_PFII_III_883
CHEMCHINA_PFIV_III_883.sol,0.4.25,CHEMCHINA_PFIV_III_883
CHEMCHINA_PFIV_II_883.sol,0.4.25,CHEMCHINA_PFIV_II_883
CHEMCHINA_PFIV_I_883.sol,0.4.25,CHEMCHINA_PFIV_I_883
CHEMCHINA_PFVII_III_883.sol,0.4.25,CHEMCHINA_PFVII_III_883
CHEMCHINA_PFV_III_883.sol,0.4.25,CHEMCHINA_PFV_III_883
CHEMCHINA_PFV_II_883.sol,0.4.25,CHEMCHINA_PFV_II_883
CHEMCHINA_PFV_I_883.sol,0.4.25,CHEMCHINA_PFV_I_883
chenfeiToken.sol,0.4.10,chenfeiToken
Cherryblossom.sol,0.4.25,Cherryblossom
ChessCoin.sol,0.5.0,ChessCoin
chikaaaa.sol,0.4.25,chikaaaa
ChimpDistribution.sol,0.5.0,ChimpToken ChimpDistribution
ChronoBankAsset.sol,0.4.21,ChronoBankAsset
ChronoBankAssetProxy.sol,0.4.21,ChronoBankAssetProxy
CITI.sol,0.5.7,CITI
Citizen.sol,0.5.4,Citizen
ClaimHolderLibrary.sol,0.4.24,
Clans.sol,0.4.25,Clans
ClcgCrowdsale.sol,0.5.2,ERC20Mintable RefundEscrow ClcgCrowdsale
ClcgToken.sol,0.5.2,ClcgToken
CLEVEBET.sol,0.4.24,CLEVEBET
ClickgemToken(1).sol,0.5.2,ClickgemToken
ClickGemToken.sol,0.5.2,ClickGemToken
ClothMaterial.sol,0.4.25,ClothMaterial
Cluster.sol,0.5.3,ResponsibleCrowdsale ArbitersPool Cluster
Cm2Token.sol,0.4.24,Cm2Token
CMDXToken.sol,0.5.0,CMDXToken
CMRPDCrowdsale.sol,0.5.0,ERC20Mintable RefundEscrow CMRPDCrowdsale
CMT.sol,0.5.2,CMT
CNNS.sol,0.4.22,CNNS
CNTMToken.sol,0.5.0,CNTMToken
COATToken.sol,0.4.25,COATToken
COETToken.sol,0.4.25,COETToken
CoinBtgl.sol,0.4.23,CoinBtgl
Coinflip.sol,0.5.0,Coinflip
CoinFlipper.sol,0.4.25,CoinFlipper
CoinFlipperDSG.sol,0.4.25,CoinFlipperDSG
CoinJzc.sol,0.4.23,CoinJzc
COINK.sol,0.4.25,COINK
CoinMekkaToken.sol,0.4.24,CoinMekkaToken
CoinmitExToken.sol,0.4.22,CoinmitExToken
CoinquistaCoin.sol,0.5.2,CoinquistaCoin
CoinStar.sol,0.5.0,CoinStar
Coinwave.sol,0.4.25,Coinwave
COM.sol,0.4.24,COM
CommemorativeToken.sol,0.5.3,CommemorativeToken
CommonValidationsLibrary.sol,0.5.7,
CommunityChest.sol,0.5.1,CommunityChest
compaynfund.sol,0.4.25,compaynfund
Comptroller.sol,0.5.8,Unitroller Comptroller
Configurator.sol,0.4.18,SharkCoinToken Mainsale Presale Configurator
ConnorToken.sol,0.5.2,ConnorToken
Contract.sol,0.4.19,Contract
contract1(1).sol,0.4.25,contract1
Contract1.sol,0.4.18,Contract1 Contract2
Contract2.sol,0.4.18,Contract1 Contract2
ContractCoinastrologyCredit.sol,0.4.24,ContractCoinastrologyCredit
ContractPuzzli.sol,0.4.24,ContractPuzzli
ContractSatoshisTreasureMagell.sol,0.4.24,ContractSatoshisTreasureMagell
ContractVerification.sol,0.4.24,TokenERC20 ContractVerification
ContributionReward.sol,0.5.4,Reputation DAOToken Avatar GenesisProtocol ContributionReward
Controller.sol,0.5.3,Controller
ConversionRates.sol,0.4.18,ConversionRates
Cookey.sol,0.5.8,Cookey
CoolDex.sol,0.5.3,CoolDex
CoolineToken.sol,0.5.0,CoolineToken
cool_kid.sol,0.4.25,cool_kid
Coordinator.sol,0.5.10,MockContract ERC20Mintable Proxy TokenFRT DxMgnPool Coordinator
CordycepsTraceabilityChain.sol,0.4.24,CordycepsTraceabilityChain
Core.sol,0.4.24,Core
CoreIssuanceLibrary.sol,0.5.7,
COS.sol,0.4.21,COS
CotiToken.sol,0.4.24,CotiToken
CoToken.sol,0.4.22,CoToken
COYDNToken.sol,0.5.2,COYDNToken
COZPToken.sol,0.5.0,COZPToken
CppToken.sol,0.4.24,CppToken
CPROPToken.sol,0.4.21,CPROPToken
CpuCoin.sol,0.5.7,CpuCoin
CPX.sol,0.4.25,CPX
CPYT.sol,0.4.22,CPYT
Crafting.sol,0.4.25,Crafting
CraftR.sol,0.5.8,CraftR
CreatorPAL.sol,0.4.18,CreatorPAL
creedexchange.sol,0.4.2,ReserveToken AccountLevelsTest creedexchange
CreetToken.sol,0.5.0,CreetToken
Crowdsale(1).sol,0.5.1,Crowdsale
CrowdSale.sol,0.4.18,CrowdSale
CrowdsaleToken.sol,0.4.18,CrowdsaleToken
CrowdsaleTokenExt.sol,0.4.11,SafeMathLibExt CrowdsaleTokenExt
CRYNcoin.sol,0.4.25,CRYNcoin
Cryption.sol,0.4.24,Cryption
CryptoAlphaToken.sol,0.5.0,CryptoAlphaToken
CryptoBIZ.sol,0.4.16,CryptoBIZ
CryptoBonesToken.sol,0.4.18,CryptoBonesToken
CryptoBossWannaCry.sol,0.4.24,CryptoEngineerInterface CryptoBossWannaCry
CRYPTOBUX.sol,0.4.18,CRYPTOBUX
CryptoConstellationCore.sol,0.5.0,ERC721Metadata CryptoConstellationCore
CryptoEngineer.sol,0.4.25,CryptoEngineer
CryptoExchangeCoin.sol,0.4.24,CryptoExchangeCoin
CryptoForeX.sol,0.4.16,CryptoForeX
CryptoHands.sol,0.4.25,CryptoHands
CryptoMarketAdsToken.sol,0.5.10,CryptoMarketAdsToken
CryptoMiningWar.sol,0.4.25,CryptoEngineerInterface CryptoMiningWar
Cryptorg.sol,0.5.2,Cryptorg
CrystalAirdropGame.sol,0.4.25,CryptoMiningWarInterface CrystalAirdropGame
CrystalDeposit.sol,0.4.25,CryptoEngineerInterface CryptoMiningWarInterface CrystalDeposit
CTAGToken.sol,0.5.5,CTAGToken
cttest.sol,0.4.18,cttest
CubeCore.sol,0.5.0,CubeCore
CURESToken.sol,0.4.24,CURESToken
Custodian.sol,0.4.21,Custodian
customIcoToken.sol,0.4.24,customIcoToken
CustomToken.sol,0.4.19,CustomToken
CuteCoinShop.sol,0.4.23,CuteCoinShop
CyberExchangeToken.sol,0.4.24,CyberExchangeToken
Cycle.sol,0.4.18,Cycle
CzechosSmartcpay.sol,0.4.25,CzechosSmartcpay
DACToken.sol,0.5.0,DACToken
DAIHardFactory.sol,0.5.6,DAIHardFactory DAIHardTrade
DAILYC.sol,0.4.16,DAILYC
DailyGame.sol,0.5.6,DailyGame
DaiPriceOracle.sol,0.5.7,DaiPriceOracle
DaoCreator.sol,0.5.4,Reputation DAOToken Avatar UniversalScheme UController Controller ControllerCreator DaoCreator
DAOFactory.sol,0.4.24,AppProxyUpgradeable AppProxyPinned Kernel KernelProxy ACL EVMScriptRegistry CallsScript EVMScriptRegistryFactory DAOFactory
DAORegistry.sol,0.5.4,DAORegistry
DaoSpecialVotingClaims.sol,0.4.25,DaoWhitelistingStorage DaoProposalCounterStorage DaoUpgradeStorage DaoFundingManager DaoRewardsManager DaoSpecialVotingClaims
DaoVotingClaims.sol,0.4.25,DaoWhitelistingStorage DaoUpgradeStorage DaoRewardsManager DaoVotingClaims
dapMerkle.sol,0.5.3,dapMerkle
DappleAirdrops.sol,0.4.19,DappleAirdrops
DarchNetwork.sol,0.5.10,DarchNetwork
DarknodePayment.sol,0.5.8,RenToken DarknodeSlasher DarknodeRegistryStore DarknodeRegistry DarknodePaymentStore DarknodePayment
DarknodePaymentStore.sol,0.5.8,RenToken DarknodeSlasher DarknodeRegistryStore DarknodeRegistry DarknodePaymentStore
DaShaBi.sol,0.4.4,DaShaBi
DATACHAIN.sol,0.5.7,DATACHAIN
DatasetRegistry.sol,0.5.8,App AppRegistry Dataset DatasetRegistry Workerpool WorkerpoolRegistry IexecClerk IexecHub
DateTime.sol,0.4.25,
DavichiBonus.sol,0.4.18,DavichiBonus
DavichiNetwork.sol,0.4.18,DavichiNetwork
DBSCToken.sol,0.4.25,DBSCToken
DCCToken.sol,0.4.18,DCCToken
DDEX.sol,0.4.16,DDEX
DDronairToken.sol,0.4.23,DDronairToken
DebtEngine.sol,0.5.7,DebtEngine
DeflatLottoBurn.sol,0.4.23,DeflatLottoBurn
DeflatLottoInvest.sol,0.4.23,DeflatLottoInvest
DEJCToken.sol,0.5.2,DEJCToken
DEJToken.sol,0.5.6,DEJToken
Delo.sol,0.4.21,Front Delo Grossbuch
DeMutator.sol,0.5.0,DeMutator
DEO.sol,0.4.16,DEO
DepositAsset.sol,0.5.0,DepositAsset
Deposits.sol,0.4.18,TokenDB Token Deposits
DepsUtils.sol,0.5.3,DepsUtils
DESH.sol,0.4.24,DESH
DestructibleMiniMeTokenFactory.sol,0.5.0,MiniMeTokenFactory DestructibleMiniMeToken DestructibleMiniMeTokenFactory TokenListingManager
DET.sol,0.5.0,DET
DetailToken.sol,0.5.1,DetailToken
DEX_Orgon.sol,0.5.2,Token DEX_Orgon
DFCoin.sol,0.4.24,DFCoin
DFH.sol,0.4.25,DFH
DigiDollar.sol,0.4.15,DigiDollar
DigitalCryptoAds.sol,0.4.25,DigitalCryptoAds
Dinngo.sol,0.5.0,Dinngo
DinngoProxy.sol,0.5.0,DinngoProxy
DinngoToken.sol,0.4.24,DinngoToken
DirectAirDrop.sol,0.4.24,DirectAirDrop
DissolutionToken.sol,0.5.1,DissolutionToken
DividendToken.sol,0.5.0,DividendToken
DKEHedge.sol,0.4.22,DKEHedge
DLBAirdrop.sol,0.4.22,DLBAirdrop
DlikeToken.sol,0.5.6,DlikeToken
DLUAToken.sol,0.4.24,DLUAToken
DMSD.sol,0.4.16,DMSD
DncToken.sol,0.4.24,DncToken
DocSignature.sol,0.4.24,DocSignature
DOCTToken.sol,0.5.0,Destructible DOCTToken
DocumentSigner.sol,0.4.22,DocumentSigner
DOETHER.sol,0.4.25,DOETHER
DoliCrowdsale.sol,0.4.25,Doli DoliCrowdsale
DollarXCoin.sol,0.4.24,DollarXCoin
DOLO.sol,0.4.18,DOLO
DonationPlus.sol,0.4.25,DonationPlus
DOP.sol,0.4.24,DOP
DragonRubCoin.sol,0.4.25,DragonRubCoin
DragonToken.sol,0.4.24,DragonToken
DraperSolutionsToken.sol,0.4.25,DraperSolutionsToken
DraperToken.sol,0.4.25,DraperToken
DrawContract.sol,0.4.25,DrawContract
DrawTicket.sol,0.4.25,DrawTicket
DRE.sol,0.4.18,DRE
DreamCarToken1.sol,0.5.5,DreamCarToken1
DreamCarToken2.sol,0.5.5,DreamCarToken2
DreamCarToken3.sol,0.5.5,DreamCarToken3
DronairToken.sol,0.4.25,DronairToken
DrunkardGame.sol,0.5.7,DrunkardGame
DSChief.sol,0.4.23,DSToken DSChief
DSChiefFab.sol,0.4.23,DSToken DSChief DSChiefFab
DSGuardFactory.sol,0.4.15,DSGuard DSGuardFactory
DSG_CoinFlipper.sol,0.4.25,DSG_CoinFlipper
DSG_Dice.sol,0.4.25,DSG_Dice
DSG_Turntable.sol,0.4.25,DSG_Turntable
DSSpell.sol,0.4.23,DSSpell
DSYS.sol,0.4.18,DSYS
DToken.sol,0.5.0,DToken
DTOPToken.sol,0.4.25,DTOPToken
DULACoin.sol,0.4.24,DULACoin
DUO.sol,0.5.0,DUO
DutchExchangeProxy.sol,0.5.2,DutchExchangeProxy
DxDaoClaimRedeemHelper.sol,0.5.4,Reputation DAOToken Avatar DxLockEth4Rep DxLockMgnForRep DxLockWhitelisted4Rep DxGenAuction4Rep DxDaoClaimRedeemHelper
DxGenAuction4Rep.sol,0.5.4,Reputation DAOToken Avatar DxGenAuction4Rep
DxLockEth4Rep.sol,0.5.4,Reputation DAOToken Avatar DxLockEth4Rep
DxLockMgnForRep.sol,0.5.4,Reputation DAOToken Avatar DxLockMgnForRep
DxLockWhitelisted4Rep.sol,0.5.4,Reputation DAOToken Avatar DxLockWhitelisted4Rep
DxMgnPool.sol,0.5.10,MockContract ERC20Mintable Proxy TokenFRT DxMgnPool Coordinator
EAB.sol,0.5.8,EAB
EagleChain.sol,0.4.21,EagleChain
EAO.sol,0.5.2,EAO
Easy10xCoinToken.sol,0.4.23,Easy10xCoinToken
EasySocial.sol,0.4.24,EasySocial
EB.sol,0.4.21,EB
EBAM.sol,0.4.24,EBAM
EBCoin.sol,0.4.21,EBCoin
EcoPoint.sol,0.4.11,SafeMath TokenTimelock EcoPoint
ECOSCU.sol,0.4.24,ECOSCU
EDE.sol,0.5.1,EDE
EDUCA.sol,0.5.0,EDUCA
EGCTOKEN.sol,0.4.23,EGCTOKEN
EIP20.sol,0.4.19,EIP20Factory EIP20
EKYCToken.sol,0.5.8,EKYCToken
ElectricToken.sol,0.5.1,ElectricToken
Eleven.sol,0.4.18,Eleven
ELToken.sol,0.5.0,Migrations ELToken
EMC.sol,0.4.23,EMC
EMDS.sol,0.5.6,EMDS
EncryptedToken.sol,0.4.16,EncryptedToken
enigma(1).sol,0.4.25,enigma
ENIGMA.sol,0.4.25,ENIGMA
enigma_g.sol,0.4.25,enigma_g
ENT.sol,0.4.11,ENT
EntToken.sol,0.4.16,EntToken
EPY.sol,0.4.23,EPY
Equity.sol,0.4.22,Equity
EracoinToken.sol,0.5.4,EracoinToken
EraTokens.sol,0.4.24,EraTokens
ERC1400.sol,0.5.4,ERC1400
ERC1400ERC20.sol,0.5.4,ERC1400ERC20
ERC1820Registry.sol,0.5.3,ERC1820Registry
ERC20.sol,0.5.2,ERC20
ERC20Deployer.sol,0.5.1,Token ERC20Deployer
ERC20DividendCheckpoint.sol,0.4.24,Ownable ERC20DividendCheckpoint
ERC20Extended.sol,0.5.4,ERC20Extended MultiSigAdministration MultiSigProxyOwner
ERC20Proxy.sol,0.4.21,ERC20Proxy ERC20Impl ERC20Store
ERC20Standard.sol,0.4.25,ERC20Standard
ERC20Supplier.sol,0.4.24,ERC20Supplier
ERC20token(1).sol,0.4.18,ERC20token
ERC20Token.sol,0.5.6,ERC20Token
ERC20TokenARR.sol,0.4.24,ERC20TokenARR
ERC20TokenBLC.sol,0.4.24,ERC20TokenBLC
ERC20TokenJT.sol,0.4.24,ERC20TokenJT
ERC20TokenPAI.sol,0.4.24,ERC20TokenPAI
ERC20TokenQUC.sol,0.4.24,ERC20TokenQUC
ERC20TokenTC.sol,0.4.24,ERC20TokenTC
ERC20TokenWB.sol,0.4.24,ERC20TokenWB
ERC20TokenXQB.sol,0.4.24,ERC20TokenXQB
ERC677BridgeToken.sol,0.4.19,ERC677BridgeToken
ERC721ProductKey.sol,0.5.6,ERC721ProductKey
ERC_20_2.sol,0.4.22,ERC_20_2
EremitCash.sol,0.4.22,EremitCash
ERFD.sol,0.4.25,ERFD
EscrowChecker.sol,0.4.25,EscrowChecker
Esplanade.sol,0.5.0,Esplanade
EstateRegistry.sol,0.4.24,EstateRegistry
ETAOToken.sol,0.5.7,ETAOToken
EternalStorageProxy.sol,0.4.24,EternalStorageProxy
EtherbotsPack.sol,0.5.0,Pack EtherbotsPack
EtherBox.sol,0.5.8,EtherBox
EtherBoxStake.sol,0.5.8,EtherBoxStake
EtherCardDiscount.sol,0.5.3,EtherCardDiscount
EtherDeltaHandler.sol,0.4.25,ErrorReporter EtherDeltaHandler
EthereumProtocol.sol,0.4.25,EthereumProtocol
EthereumV2Erc20.sol,0.4.18,EthereumV2Erc20 EthereumV2Erc20RateProvider EthereumV2Erc20Crowdsale BTC20Exchange Tokenchange
EthereumV2Erc20Crowdsale.sol,0.4.18,EthereumV2Erc20 EthereumV2Erc20RateProvider EthereumV2Erc20Crowdsale BTC20Exchange Tokenchange
ETHER_CASH.sol,0.4.24,ETHER_CASH
EthexJackpot.sol,0.5.0,EthexJackpot
ETHFlow.sol,0.5.0,ETHFlow
EthMadness.sol,0.5.0,EthMadness
ETHRegistrarController.sol,0.5.0,DeedImplementation HashRegistrar ETHRegistrarController
EthRegistrarSubdomainRegistrar.sol,0.5.0,DeedImplementation HashRegistrar EthRegistrarSubdomainRegistrar
ETHS7.sol,0.5.8,ETHS7
eth_pool.sol,0.4.25,eth_pool
ETMToken.sol,0.5.0,ETMToken
ETTOKEN.sol,0.4.21,ETTOKEN
EuropeanUnion.sol,0.4.25,EuropeanUnion
EUROSIBENERGO_PFXXI_II_883.sol,0.4.25,EUROSIBENERGO_PFXXI_II_883
EUXStableToken.sol,0.5.2,EUXStableToken
EverbloomExchange.sol,0.5.7,EverbloomExchange
EverbloomHandler.sol,0.5.7,Common RouterCommon EverbloomHandler
EVMScriptRegistry.sol,0.4.24,ACLHelpers KernelAppIds EVMScriptRegistry
EVMScriptRegistryFactory.sol,0.4.24,EVMScriptRegistry CallsScript AppProxyUpgradeable AppProxyPinned Kernel ACL EVMScriptRegistryFactory
EVOAIToken.sol,0.4.24,EVOAIToken
ExampleTokenFactory.sol,0.5.7,ExampleSecurityToken Dividends ExampleTokenFactory
Exchange.sol,0.4.16,Exchange
ExchangeInteractor.sol,0.5.0,VrParkToken VrParkIcoStep ExchangeInteractor
ExchangeRouter.sol,0.5.7,RouterCommon ExchangeRouter
exForward.sol,0.4.23,exForward
exFwd.sol,0.4.24,exFwd
EXI.sol,0.4.25,EXI
Exit.sol,0.5.0,Exit
Expiry.sol,0.5.7,SoloMargin Expiry
ExtensionGatewayV2.sol,0.5.7,ExtensionAsset ExtensionGatewayV2
ExtraTerrestrial.sol,0.5.4,ExtraTerrestrial
EXXTOKEN.sol,0.4.22,EXXTOKEN
F2m.sol,0.4.24,F2m
F3DPRO.sol,0.4.24,F3DPRO
FacilityChain.sol,0.4.25,FacilityChain
Factories.sol,0.4.25,Factories
Factory.sol,0.5.0,DutchAuction XRT Lighthouse Liability Factory
Faketoshi.sol,0.4.18,Faketoshi
FaketoshiCash.sol,0.4.18,FaketoshiCash
Famecoin.sol,0.5.2,Famecoin
FAMI.sol,0.4.15,FAMI
FanfareAirdrop2.sol,0.4.22,FanfareAirdrop2
FangdaTravelToken.sol,0.4.20,FangdaTravelToken
FastnFurious.sol,0.5.7,FastnFurious
fast_game.sol,0.4.25,fast_game
Faucet.sol,0.5.7,Faucet
FaucetToken.sol,0.5.5,FaucetToken
FBB_Token.sol,0.5.0,FBB_Token
FCash.sol,0.4.21,FCash
FDSToken.sol,0.5.0,FDSToken
FeeManagerNativeToErc.sol,0.4.19,Sacrifice FeeManagerNativeToErc
FeePool.sol,0.4.25,Proxy TokenState SupplySchedule ExchangeRates SynthetixState Synth Synthetix FeePoolState FeePool
FeePoolState.sol,0.4.25,FeePoolState
FeronExchange.sol,0.4.21,FeronExchange
FEXToken.sol,0.4.24,KYCVerification FEXToken
FibonumCyclingToken.sol,0.5.0,FibonumCyclingToken
FidelityHouseTimelock.sol,0.4.24,FidelityHouseTimelock
FidelityHouseVendor.sol,0.4.25,FidelityHouseToken FidelityHouseVendor
FIICToken.sol,0.5.0,FIICToken
FilmChainCoin.sol,0.5.0,FilmChainCoin
Finance.sol,0.4.24,ACLHelpers KernelAppIds Vault Finance
FIND.sol,0.4.18,FIND
FITHToken.sol,0.5.0,FITHToken
Fix.sol,0.5.0,Fix
FixedSupplyToken.sol,0.5.0,FixedSupplyToken
FLAToken.sol,0.5.7,FLAToken
FlatPricingExt.sol,0.4.11,SafeMathLibExt FlatPricingExt
FLXCoin.sol,0.4.24,FLXCoin
FOMO.sol,0.4.15,FOMO
Forceth.sol,0.5.1,Forceth Depositor
ForeignBridgeNativeToErc.sol,0.4.19,ForeignBridgeNativeToErc
FOREToken.sol,0.4.11,SafeMath FOREToken
ForTheBlockchain.sol,0.5.0,ForTheBlockchain
Fortune.sol,0.4.25,InvestorsStorage Fortune
Foryoucoin.sol,0.4.18,Foryoucoin
FPAY.sol,0.4.24,FPAY
FrankToken.sol,0.5.7,FrankToken
Freebies.sol,0.5.7,Freebies
FrenchIco_Crowdsale.sol,0.5.7,FrenchIco_Token FrenchIco_Crowdsale
Front.sol,0.4.21,Front Delo Grossbuch
Fructus.sol,0.4.24,Fructus
fSTGHA.sol,0.4.25,fSTGHA
FtcToken.sol,0.4.23,FtcToken
FTT.sol,0.5.10,FTT
fubicai.sol,0.5.0,fubicai
FUCKoken.sol,0.4.16,FUCKoken
FUJIBank.sol,0.5.0,FUJIBank
FUNBOXtoken.sol,0.4.18,FUNBOXtoken
FundingWallet.sol,0.4.25,FundingWallet
funds.sol,0.4.25,funds
FundWallet.sol,0.4.18,FundWallet
FUTRON.sol,0.4.11,FUTRON
GABO.sol,0.4.18,GABO
Game11B.sol,0.4.25,Game11B
Game20A.sol,0.4.25,Game20A
GameSetting.sol,0.4.24,TokenERC20 GameSetting
GameWave.sol,0.5.6,GameWave
GandhiJi.sol,0.4.20,GandhiJi
GANING.sol,0.4.24,GANING
GateChainToken.sol,0.5.0,GateChainToken
GATS.sol,0.5.1,GATS
GbiobAht.sol,0.4.25,GbiobAht
GDM.sol,0.4.24,GDM
Gener8tiveKBlocksERC721.sol,0.5.2,Gener8tiveKBlocksERC721
GenericScheme.sol,0.5.4,Reputation DAOToken Avatar GenesisProtocol GenericScheme
GENES.sol,0.4.25,GENES
GenesisProtocol.sol,0.5.4,GenesisProtocol
GENESToken.sol,0.4.15,GENESToken
GeoCoin.sol,0.4.21,GeoCoin
Get1002Voken.sol,0.5.7,Get1002Voken
GETEventContract.sol,0.4.24,GETEventContract
GGAToken.sol,0.4.25,GGAToken
GIFT.sol,0.4.25,GIFT
GimbahToken.sol,0.4.24,GimbahToken
GIMSUR.sol,0.5.0,GIMSUR
GiniCon.sol,0.4.24,GiniCon
GlobalBlockchainBank.sol,0.4.22,
GlobalBlockchainBankTOKEN.sol,0.4.22,
GlobalConstraintRegistrar.sol,0.5.4,Reputation DAOToken Avatar GenesisProtocol GlobalConstraintRegistrar
GlobalGamesBlockChain.sol,0.4.25,GlobalGamesBlockChain
GlobexCrowdsale.sol,0.4.24,GlobexCrowdsale
GLOBIT.sol,0.4.24,GLOBIT
GMAToken.sol,0.4.24,GMAToken
GMB.sol,0.4.22,GMB
GMBAirdrop.sol,0.4.22,GMBAirdrop
GN10Token.sol,0.4.24,GN10Token
GOEXToken.sol,0.4.18,GOEXToken
GOLDEnterainmentToken.sol,0.4.22,GOLDEnterainmentToken
GoldmintPool.sol,0.4.25,PoolCore StakeFreezer GoldmintPool
GoldPiece.sol,0.4.24,GoldPiece
GOLDToken.sol,0.4.25,GOLDToken
GomicsERC20.sol,0.4.22,GomicsERC20
GomicsToken.sol,0.5.7,GomicsToken
GOMIToken.sol,0.4.22,GOMIToken
GooBurnAlgo.sol,0.4.25,GooBurnAlgo Bankroll
GoodCoinWalk.sol,0.4.25,GoodCoinWalk
GoodManPro.sol,0.4.25,GoodManPro
GooToken.sol,0.4.25,GooToken
GOXT.sol,0.4.24,GOXT
go_to_play.sol,0.4.25,go_to_play
GQSTAND.sol,0.5.0,GQSTAND
GRAM.sol,0.5.0,GRAM
GRAMSale.sol,0.5.0,ERC20Mintable GRAMSale
Grand.sol,0.4.23,Grand
Grand50Token.sol,0.4.24,Grand50Token
GRANDEGYPTCOIN.sol,0.4.18,ContractReceiver GRANDEGYPTCOIN
Grandma.sol,0.4.25,Grandma
GreenLightToken.sol,0.4.24,GreenLightToken
GRMToken.sol,0.4.24,GRMToken
Grossbuch.sol,0.4.21,Front Delo Grossbuch
GrowToken.sol,0.4.23,GrowToken
GTEX.sol,0.4.25,GTEX
GTFToken.sol,0.4.24,GTFToken
GTR.sol,0.4.18,GTR
Gtrading.sol,0.4.24,Gtrading
Guadalajara.sol,0.4.24,Guadalajara
gugancoin1.sol,0.4.25,gugancoin1
GuideCoin.sol,0.4.25,GuideCoin
GuiderToken.sol,0.5.2,GuiderToken
GUSDToken.sol,0.4.22,GUSDToken
GVUXtu.sol,0.4.25,GVUXtu
GXAUToken.sol,0.4.23,GXAUToken
HalfRoulette.sol,0.5.0,CryptoTycoonsVIPLib HalfRoulette
HappySun.sol,0.4.25,HappySun
HarmonyBountyToken.sol,0.4.25,HarmonyBountyToken
HaronToken.sol,0.5.1,HaronToken
HarukaTest01.sol,0.5.0,HarukaTest01
HashedTimelock.sol,0.5.3,HashedTimelock
HBOToken.sol,0.4.21,HBOToken
Health.sol,0.5.0,Health
HealthyLife.sol,0.5.4,HealthyLife
HedgeTrade.sol,0.5.6,HedgeTrade
HEJmKRfM.sol,0.4.25,HEJmKRfM
HELP.sol,0.4.22,HELP
HELPToken.sol,0.4.11,HELPToken
HGSToken.sol,0.4.23,HGSToken
HGT.sol,0.4.24,HGT
HHHToken.sol,0.4.25,HHHToken
HIN.sol,0.4.16,HIN
HiveChainToken.sol,0.4.20,HiveChainToken
HI_QUIZ.sol,0.4.25,HI_QUIZ
HKDC.sol,0.4.4,HKDC
HLD.sol,0.4.25,HLD
HodlBetToken.sol,0.4.25,HodlBetToken
HoldAssignment.sol,0.4.25,HoldAssignment
HolographicMediaCard.sol,0.5.4,HolographicMediaCard
HongTest.sol,0.4.24,HongTest
HOPEToken.sol,0.4.18,HOPEToken
HotDollarsToken.sol,0.4.22,HotDollarsToken
Hourglass.sol,0.4.20,Hourglass
HourlyGame.sol,0.5.6,HourlyGame
HPBToken.sol,0.4.11,SafeMath HPBToken
HSDToken.sol,0.4.18,HSDToken
HTHToken.sol,0.5.0,HTHToken
HTN_TOKEN.sol,0.5.0,MinterRole HTN_TOKEN
HuaShengToken.sol,0.5.4,HuaShengToken
HUBRIS.sol,0.4.24,HUBRIS
HubrisChanger.sol,0.5.1,SmartChanger HubrisChanger
HUBRISSTAKING.sol,0.5.7,HUBRISSTAKE HUBRISSTAKING
HubToken.sol,0.4.24,HubToken
HUHEYhQD.sol,0.4.25,HUHEYhQD
Humanity.sol,0.5.7,Humanity
HumanityGovernance.sol,0.5.7,Void HumanityGovernance
HumanityRegistry.sol,0.5.7,HumanityRegistry
HumanPlus.sol,0.4.24,HumanPlus
HumanStandardToken.sol,0.4.10,HumanStandardToken
HYIPRETH.sol,0.4.24,HYIPRETH
HYIPRETHPRO441.sol,0.4.24,HYIPRETHPRO441
HyperETH.sol,0.4.25,HyperETH
HYPRO.sol,0.4.24,HYPRO
IceWalletToken.sol,0.5.0,ERC20Burnable IceWalletToken
ICO.sol,0.5.5,ICO
ICOToken.sol,0.5.0,ICOToken
IDCHAIN.sol,0.4.18,IDCHAIN
IDcoin.sol,0.4.24,IDcoin
IdentityFactory.sol,0.5.6,Identity IdentityFactory
IDEX.sol,0.5.6,IDEX
IexecClerk.sol,0.5.8,App AppRegistry Dataset DatasetRegistry Workerpool WorkerpoolRegistry IexecClerk IexecHub
IexecHub.sol,0.5.8,App AppRegistry Dataset DatasetRegistry Workerpool WorkerpoolRegistry IexecClerk IexecHub
IexecODBLibOrders.sol,0.5.8,App AppRegistry Dataset DatasetRegistry Workerpool WorkerpoolRegistry IexecClerk IexecHub
IFToken.sol,0.4.25,IFToken
IHM.sol,0.5.8,IHM
IIOTT.sol,0.4.16,IIOTT
ImmutableEternalStorage.sol,0.5.3,ImmutableEternalStorage
Impulse.sol,0.4.24,Impulse
INCLUSION.sol,0.4.24,INCLUSION
IndexManager.sol,0.4.22,IndexManager
InGRedientToken.sol,0.4.23,InGRedientToken
INP.sol,0.5.0,INP
InsertCoinLab.sol,0.4.24,InsertCoinLab
InstallmentsModel.sol,0.5.7,InstallmentsModel
InstaMaker.sol,0.5.0,InstaMaker
InstaRegistry.sol,0.5.2,UserWallet InstaRegistry
InstaSave.sol,0.5.0,InstaSave
InstayesToken.sol,0.4.22,ContractReceiver OwnershipTransferrable InstayesToken InstayesTokenImpl
InternetCoin.sol,0.5.7,InternetCoin
Internoc24DividendCoin.sol,0.4.24,Internoc24DividendCoin
INTR.sol,0.4.24,INTR
Inventory.sol,0.4.25,Inventory
InvestToken.sol,0.4.26,InvestToken
InvictusWhitelist.sol,0.5.6,InvictusWhitelist
InvoiceCreator.sol,0.5.8,Invoice InvoiceCreator
IOAEX.sol,0.5.4,IOAEX
IOAEXBDR.sol,0.5.4,IOAEXBDR
IONACK.sol,0.4.25,IONACK
IOTW.sol,0.4.23,IOTW
IPchain3Token.sol,0.4.24,IPchain3Token
IPCoin.sol,0.4.20,IPCoin
IQCoin.sol,0.4.23,IQCoin
IraDavies.sol,0.4.25,IraDavies
ISAStoken.sol,0.5.0,ISAStoken
IslamicBank.sol,0.4.18,IslamicBank
Isshin.sol,0.4.25,Isshin
istanbul.sol,0.4.24,istanbul
ITCMoney.sol,0.5.6,ITCMoney
Item.sol,0.4.24,OwnableDelegateProxy ProxyRegistry Item
ItemFactory.sol,0.4.24,OwnableDelegateProxy ProxyRegistry Item ItemFactory
ITTToken.sol,0.4.18,ITTToken
Itubagus.sol,0.4.25,Itubagus
IVMCoin.sol,0.5.0,IVMCoin
IVYToken.sol,0.5.0,IVYToken
IWCToken.sol,0.4.18,IWCToken
IziCoin.sol,0.4.23,IziCoin
JackPot.sol,0.5.6,JackPot
JackPotChecker.sol,0.5.6,JackPotChecker
JavvyCrowdsale.sol,0.4.24,JavvyMultiSig JavvyToken RefundEscrow JavvyCrowdsale
JBC.sol,0.4.24,JBC
JcbChainToken.sol,0.4.22,JcbChainToken
JDLEOToken.sol,0.4.24,JDLEOToken
JDLEOToken2.sol,0.4.24,JDLEOToken2
Jobchain.sol,0.4.25,Jobchain
JOES.sol,0.5.8,JOES
jpISgOIU.sol,0.4.25,jpISgOIU
JTCCtoken.sol,0.4.22,JTCCtoken
Julia.sol,0.4.25,Julia
Junomoneta.sol,0.5.0,Junomoneta
JZJTToken.sol,0.5.2,JZJTToken
JZTDToken.sol,0.5.2,JZTDToken
JZWHHToken.sol,0.5.2,JZWHHToken
JZXTDToken.sol,0.5.2,JZXTDToken
KACHA.sol,0.4.24,KACHA
KangChain.sol,0.4.18,KangChain
kangwon.sol,0.5.0,kangwon
Kappa1.sol,0.4.25,Kappa1
KappiToken.sol,0.5.6,KappiToken
KarrarToken.sol,0.4.24,KarrarToken
KaryaSolutionsToken.sol,0.4.24,KaryaSolutionsToken
Kawanggawa.sol,0.4.24,Kawanggawa
KCCToken.sol,0.4.18,KCCToken
KCTToken.sol,0.5.0,KCTToken
KEDU.sol,0.4.22,KEDU
KeelungGrass.sol,0.4.25,KeelungGrass
KeelungLandscape.sol,0.4.25,KeelungLandscape
KeelungSeashore.sol,0.4.25,KeelungSeashore
KernelProxy.sol,0.4.24,KernelProxy
KHC_LAB_210_3_883.sol,0.4.25,KHC_LAB_210_3_883
Kingcuan(1).sol,0.4.25,Kingcuan
KingCuan.sol,0.4.25,KingCuan
kinwa.sol,0.4.19,kinwa
KKT.sol,0.4.24,KKT
KlerosLiquidExtraViews.sol,0.4.25,MiniMeToken MiniMeTokenFactory KlerosLiquid KlerosLiquidExtraViews
KMTBA.sol,0.5.3,KMTBA
KnowYourCustomer.sol,0.5.1,KnowYourCustomer
KOFOToken.sol,0.4.24,KOFOToken
KoolToken.sol,0.5.0,KoolToken
KPAYTOKEN.sol,0.4.18,KPAYTOKEN
KryptonToken.sol,0.4.18,KryptonToken
KUTqGHNv.sol,0.4.25,KUTqGHNv
KyberFundReserve.sol,0.4.18,KyberFundReserve
KyberReserve.sol,0.4.18,KyberReserve
KyberUniswapReserve.sol,0.4.18,KyberUniswapReserve
KyberWrapper.sol,0.5.0,KyberWrapper
LaborToken.sol,0.5.2,LaborToken
LAGfGj.sol,0.4.25,LAGfGj
LANDRegistry.sol,0.4.24,LANDRegistry
last.sol,0.5.0,last
LavaToken.sol,0.5.0,LavaToken
ldoh.sol,0.4.25,ldoh
Ldohtoken.sol,0.4.25,Ldohtoken
Leasing.sol,0.4.22,SingleToken Leasing
LEBChain.sol,0.4.23,LEBChain
LEFKCOIN.sol,0.4.18,LEFKCOIN
LENS.sol,0.5.7,LENS
LenToken.sol,0.4.24,LenToken
LEOcoin.sol,0.5.2,LEOcoin
LetsBreakThings.sol,0.4.23,LetsBreakThings creatorProxy
LEVEBET.sol,0.4.24,LEVEBET
LeveragedToken.sol,0.5.0,LeveragedToken
Leverager.sol,0.5.0,Leverager
LeviasSecurityToken.sol,0.4.24,ServiceRegistry LeviasSecurityToken
LibertyEcoToken.sol,0.4.25,LibertyEcoToken
Lighthouse.sol,0.5.0,XRT Lighthouse
LikerCashCoin.sol,0.4.18,LikerCashCoin
LineageCode.sol,0.5.1,LineageCode
LINETEST.sol,0.4.24,LINETEST
LINIXSB.sol,0.5.0,LINIXSB
LINIX_Seedblock.sol,0.5.7,LINIX_Seedblock
Linkart.sol,0.4.23,Linkart
LiquidLong.sol,0.4.25,LiquidLong
LIRAFIX.sol,0.4.24,LIRAFIX
LitecoinDiamond.sol,0.5.0,LitecoinDiamond
LKDToken.sol,0.4.24,LKDToken
LKToken.sol,0.4.21,LKToken
LLV_NDD_001_1.sol,0.4.25,LLV_NDD_001_1
LLV_NDD_001_1F.sol,0.4.25,LLV_NDD_001_1F
LoanManager.sol,0.5.7,DebtEngine LoanManager
LockTokenContract.sol,0.5.4,LockTokenContract
LOLPreToken.sol,0.4.11,SafeMath MintableToken LOLPreToken
LongHuContract.sol,0.5.0,LongHuContract
LOST_QUIZ.sol,0.4.25,LOST_QUIZ
LoteoGame.sol,0.4.18,StandardTokenExt LoteoGame
LOTR.sol,0.4.24,LOTR
Lottery.sol,0.4.24,Lottery
LotteryData.sol,0.5.4,Wallet LotteryData
LOVEAirCoffee.sol,0.4.22,LOVEAirCoffee
LO_QUIZ.sol,0.4.25,LO_QUIZ
LRC.sol,0.5.7,LRC
LSD.sol,0.4.25,LSD
ltcatoken.sol,0.4.24,ltcatoken
LTEToken.sol,0.4.19,LTEToken
LTLNN.sol,0.5.6,LTLNN
LuryToken.sol,0.4.26,LuryToken
LXANK.sol,0.5.0,LXANK
LXPToken.sol,0.4.18,LXPToken
LydianLionToken.sol,0.4.24,LydianLionToken
LykkToken.sol,0.4.25,LykkToken
MACK.sol,0.4.23,MACK
MACKANDAL.sol,0.4.23,MACKANDAL
Magi.sol,0.5.0,Magi
Main0023_interestRates.sol,0.4.24,AugmintToken AugmintReserves InterestEarnedAccount MonetarySupervisor Rates LoanManager Locker StabilityBoardProxy Main0023_interestRates
Main0024_disableOneYearProducts.sol,0.4.24,AugmintToken AugmintReserves InterestEarnedAccount MonetarySupervisor Rates LoanManager Locker StabilityBoardProxy Main0024_disableOneYearProducts
MainContract.sol,0.4.10,OwnerValidatorImpl OffChainManagerImpl SafeMath TokenContractImpl MainContract
MainDepositContract.sol,0.5.7,DepositContract MainDepositContract
MainToken.sol,0.4.23,MainToken
Management.sol,0.5.6,Management
mango.sol,0.4.21,mango
MangoCoin.sol,0.4.25,MangoCoin
ManualPriceFeed.sol,0.5.0,ManualPriceFeed
ManyKings.sol,0.4.24,ManyKings
MARA.sol,0.4.25,MARA
MarbleSubscriber.sol,0.5.2,MarbleSubscriber
Marketplace.sol,0.5.0,Marketplace
MarketplaceProxy.sol,0.5.0,Marketplace MarketplaceProxy
Marmo.sol,0.5.7,Marmo
MarmoRelayerHelper.sol,0.5.7,MarmoRelayerHelper
MarmoStork.sol,0.5.7,Marmo MarmoStork
MasterMinter.sol,0.4.24,MasterMinter
MasterMultiSig.sol,0.5.4,MasterMultiSig
MasteryToken.sol,0.4.11,SafeMath MasteryToken
MaticNetwork.sol,0.4.18,MaticNetwork
Maximillion.sol,0.5.8,ComptrollerErrorReporter CEther Maximillion
MaxProfitCoin.sol,0.5.0,ContractReceiver MaxProfitCoin
MBCToken.sol,0.4.21,MBCToken
MBDS.sol,0.4.11,SafeMath MBDS
MBMLockBuilder.sol,0.5.7,MBMTimelock MBMLockBuilder
MBMTimelock.sol,0.5.7,MBMTimelock MBMLockBuilder
MBN.sol,0.5.6,MBN
MBStandardToken.sol,0.4.13,MBStandardToken
MBTCcontract.sol,0.5.7,MBTCcontract MBTCToken
MBTCToken.sol,0.5.7,MBTCcontract MBTCToken
MBToken.sol,0.4.18,MBToken
MC.sol,0.5.7,MC
MCHMetaMarking.sol,0.5.7,MCHMetaMarking
MCVToken.sol,0.5.0,MCVToken
MCWToken.sol,0.4.22,MCWToken
MD.sol,0.5.7,MD
MEAT.sol,0.4.24,MEAT
Mechcampus.sol,0.4.24,Mechcampus
Medical.sol,0.5.0,Medical
MeetToken.sol,0.5.4,MeetToken
MegaXToken.sol,0.4.24,MegaXToken
MELNI_PFX_III_883.sol,0.4.25,MELNI_PFX_III_883
MELNI_PFX_II_883.sol,0.4.25,MELNI_PFX_II_883
MELNI_PFX_I_883.sol,0.4.25,MELNI_PFX_I_883
MemoryArena.sol,0.4.25,MemoryArena
MemoryFactory.sol,0.4.25,MemoryFactory
Meritocracy.sol,0.5.0,Meritocracy
MES.sol,0.4.21,MES
MetalMaterial.sol,0.4.25,MetalMaterial
MGToken.sol,0.4.26,MGToken
MgxToken.sol,0.4.18,MgxToken
Mi10.sol,0.5.0,Mi10
MicroVC.sol,0.4.25,MicroVC
Migrations.sol,0.5.2,Migrations
MillionToken.sol,0.4.25,MillionToken
MineMe.sol,0.4.18,MineMe
MintableTokenFactory.sol,0.4.22,MintableTokenFactory MintableToken
MintBotWithCooldown.sol,0.5.0,MintBotWithCooldown
MintedTokenCappedCrowdsaleExt.sol,0.4.10,SafeMathLibExt MintableTokenExt MintedTokenCappedCrowdsaleExt
MinterWithCivic.sol,0.5.1,MinterWithCivic
MintsToken.sol,0.4.16,MintsToken
MIQcoin.sol,0.4.24,MIQcoin
MixMarvelToken.sol,0.5.0,TokenVesting MixMarvelToken
MJ.sol,0.4.22,MJ
MKernel.sol,0.4.24,Proxy WETH9 DateTime Config Account AccountFactory KernelEscrow ReserveEscrow Reserve MKernel
MLC.sol,0.4.20,MLC
MLockupFund.sol,0.4.18,MLockupFund
MLockupTeam.sol,0.4.18,MLockupTeam
MobaCoin.sol,0.4.24,MobaCoin
Mobiicoin.sol,0.4.18,Mobiicoin
MOFONGO.sol,0.4.25,MOFONGO
Mohi.sol,0.4.18,Ownable Mohi
MokenMintingByCredit.sol,0.4.24,MokenMintingByCredit
MokenUpdateName.sol,0.4.24,MokenUpdateName
MonaLisa.sol,0.4.25,MonaLisa
MonaLisaJ.sol,0.4.25,MonaLisaJ
Monasda.sol,0.4.25,Monasda
MoneroWhiteERC20.sol,0.4.25,MoneroWhiteERC20
MoneroWhite_Pool.sol,0.5.2,MoneroWhite_Pool
MonethaClaimHandler.sol,0.4.24,MonethaClaimHandler
MonLockupFund.sol,0.4.18,MonLockupFund
MonLockupTeam.sol,0.4.18,MonLockupTeam
MonstersGameXToken.sol,0.4.24,MonstersGameXToken
MonteToken.sol,0.4.18,MonteToken
MonthlyGame.sol,0.5.6,MonthlyGame
MonToken.sol,0.4.18,MonToken
Moon3DToken.sol,0.4.24,Moon3DToken
MORIART.sol,0.4.25,MORIART
MortifyAsset.sol,0.4.25,MortifyAsset
MoviToken2.sol,0.5.0,MoviToken2
MPAY.sol,0.5.3,MPAY
MSRiseTokenSale.sol,0.4.18,MSRiseTokenSale
MTB19.sol,0.5.0,MTB19
MTB19Crowdsale.sol,0.5.0,ERC20Capped MTB19Crowdsale
MToken.sol,0.5.0,TokenVesting MToken
MulechainToken.sol,0.4.23,MulechainToken
multifund(1).sol,0.4.25,multifund
Multifund.sol,0.4.25,Multifund
MultipleArbitrableTransaction.sol,0.4.24,AppealableArbitrator MultipleArbitrableTransaction
MultiSend.sol,0.5.4,MultiSend
MultiSender.sol,0.5.7,MultiSender
Multisig.sol,0.5.8,VinciToken Multisig
MultiSignWallet.sol,0.5.3,Forwarder MultiSignWallet
MultiSigRoot.sol,0.5.0,MultiSigNode MultiSigRegulator MultiSigRoot
MultiSigWallet.sol,0.4.24,MultiSigWallet
multi_funding.sol,0.4.25,multi_funding
MuskmelonHJ.sol,0.4.25,MuskmelonHJ
mutil_funds.sol,0.4.25,mutil_funds
MyAdvancedToken.sol,0.4.21,MyAdvancedToken
MyAdvancedTokenIB.sol,0.5.0,MyAdvancedTokenIB
MyBank.sol,0.4.22,MyBank
MYC.sol,0.4.10,MYC
myEtherDate.sol,0.5.0,myEtherDate
Mypaychain.sol,0.5.0,Mypaychain
MYT.sol,0.4.10,MYT
MY_BANK.sol,0.4.25,MY_BANK Log
NABI.sol,0.4.22,NABI
NafeesToken.sol,0.4.18,NafeesToken
Nanotechnology.sol,0.4.25,Nanotechnology
NapoleonPicture.sol,0.4.25,NapoleonPicture
NBEX.sol,0.4.24,NBEX
NBTC.sol,0.5.6,NBTC
NDD_001_P2.sol,0.4.25,NDD_001_P2
NDD_001_T22.sol,0.4.25,NDD_001_T22
NDD_KHC_I_883.sol,0.4.21,NDD_KHC_I_883
NDD_UBR_I_883.sol,0.4.21,NDD_UBR_I_883
NDD_WPO_I_883.sol,0.4.21,NDD_WPO_I_883
ndwtToken.sol,0.5.2,ndwtToken
NEBC.sol,0.4.22,NEBC
NEC.sol,0.4.26,NEC
Negexc.sol,0.4.20,Negexc
nerveShares.sol,0.5.7,nerveShares
Netinance.sol,0.4.11,Netinance
NetkillerAdvancedToken.sol,0.4.24,NetkillerAdvancedToken
Neutrino81.sol,0.4.25,Neutrino81
NewDogg.sol,0.5.0,NewDogg
NewLRCFoundationIceboxContract.sol,0.5.7,NewLRCFoundationIceboxContract
NewLRCLongTermHoldingContract.sol,0.5.7,NewLRCLongTermHoldingContract
NewLRCToken.sol,0.5.7,NewLRCToken
NewToken.sol,0.4.11,NewToken
NextGeneration.sol,0.5.0,NextGeneration
NeZuKo.sol,0.4.25,NeZuKo
Nicash.sol,0.4.25,Nicash
NiftyFootballAdmin.sol,0.5.0,NiftyFootballAdmin
NiftyFootballTradingCard.sol,0.5.0,ERC721Full Ownable NiftyFootballTradingCard
NiftyFootballTradingCardBlindPack.sol,0.5.0,NiftyFootballTradingCardBlindPack
NiftyFootballTradingCardEliteBlindPack.sol,0.5.0,NiftyFootballTradingCardEliteBlindPack
NiftyStaticCalls.sol,0.5.4,NiftyStaticCalls
NiftyWallet.sol,0.5.4,NiftyWallet
NiMingToken.sol,0.4.23,NiMingToken
NioShares.sol,0.4.25,NioShares
NIRXToken.sol,0.4.11,SafeMath WithdrawVault RefundVault TokenRecipient NIRXToken
NKHToken.sol,0.4.18,NKHToken
NMSST.sol,0.5.2,NMSST
NodeOn.sol,0.5.0,NodeOn
nOiBCkqf.sol,0.4.25,nOiBCkqf
NoizToken.sol,0.5.3,NoizToken
NormalToken.sol,0.4.18,NormalToken
Northart.sol,0.4.23,Northart
NowTees.sol,0.5.0,NowTees
NPX.sol,0.4.25,NPX
NTA3D.sol,0.4.25,NTA3D
NuevaToken.sol,0.4.24,NuevaToken
Number.sol,0.5.7,Number
NumeraireDelegate.sol,0.4.10,NumeraireDelegate
NuQoin.sol,0.4.24,NuQoin
Nyomi.sol,0.4.18,Nyomi
OBC.sol,0.4.24,OBC
OceanProtocol.sol,0.4.18,OceanProtocol
OceanToken.sol,0.5.3,OceanToken
ODXPrivateSale.sol,0.4.23,ODXToken ODXPrivateSale
ODXToken.sol,0.4.23,ODXToken
OffChainManagerImpl.sol,0.4.10,OwnerValidatorImpl OffChainManagerImpl SafeMath TokenContractImpl MainContract
OJI.sol,0.4.21,OJI
OkgStandardToken.sol,0.4.21,OkgStandardToken
OMNIS.sol,0.4.25,OMNIS
OneTimesBondContract.sol,0.5.1,OneTimesBondContract
Onigiri.sol,0.5.0,Onigiri
OnLineChain.sol,0.4.4,OnLineChain
online_vault.sol,0.4.25,online_vault
online_wallet.sol,0.4.25,online_wallet
OOOToken.sol,0.4.25,OOOToken
OperationImpl.sol,0.5.7,
Operator.sol,0.5.3,Operator
OptionsEscrow.sol,0.4.22,OptionsEscrow
OracleAdapter.sol,0.5.7,OracleAdapter
Oraclize.sol,0.4.24,Oraclize
OrbsGuardians.sol,0.4.25,OrbsGuardians
OrbsSubscriptions.sol,0.4.25,OrbsSubscriptions
OrbsValidators.sol,0.4.25,OrbsValidators
OrbsValidatorsRegistry.sol,0.4.25,OrbsValidatorsRegistry
OrbsVoting.sol,0.4.25,OrbsVoting
OrderGateway.sol,0.5.5,XcertToken XcertCreateProxy OrderGateway
Orders.sol,0.5.0,Orders Sell_eth Buy_eth
OreOreCoin.sol,0.4.24,OreOreCoin
OrganizationRegister.sol,0.5.4,Reputation DAOToken Avatar OrganizationRegister
OROCoin.sol,0.4.22,OROCoin
Ortp.sol,0.5.2,Ortp
OSEToken.sol,0.4.24,OSEToken
OTCDesk.sol,0.5.4,OTCDeal OTCDesk
OurERC20.sol,0.4.22,OurERC20
OWLAirdrop.sol,0.5.2,Proxy TokenGNO TokenOWL OWLAirdrop
Ownable.sol,0.4.22,Ownable
OwnBackupSign.sol,0.4.24,OwnBackupSign
OwnedUpgradeabilityProxy.sol,0.4.23,OwnedUpgradeabilityProxy
OwnsArt.sol,0.4.24,OwnsArt
OwnsArtSplit.sol,0.5.0,OwnsArtSplit
P2PS.sol,0.5.7,P2PS
P2PX.sol,0.5.3,P2PX
PaiYuanBaoToken.sol,0.5.0,PaiYuanBaoToken
PakGoldCoin.sol,0.4.18,PakGoldCoin
palacecoin.sol,0.4.25,palacecoin
PALToken.sol,0.4.25,PALToken
PanDuo.sol,0.4.4,PanDuo
PassportLogic.sol,0.4.24,PassportLogic
PATC.sol,0.5.7,PATC
Pausable.sol,0.4.24,Whitelist Xcoin
PausedCAD.sol,0.4.23,Registry BalanceSheet AllowanceSheet PausedTrueUSD PausedAUD PausedGBP PausedCAD
PAXTokenReserve.sol,0.5.4,PAXTokenReserve
PAXTRExchange.sol,0.5.0,PAXTRExchange
PayableProxyForSoloMargin.sol,0.5.7,WETH9 SoloMargin PayableProxyForSoloMargin
PaymentsLayer.sol,0.5.4,PaymentsLayer
PayTech.sol,0.5.0,PayTech
PCW.sol,0.5.4,PCW
PDAToken.sol,0.4.25,PDAToken
PeepethBadges.sol,0.5.8,ERC721Metadata PeepethBadges
Penguin.sol,0.4.25,Penguin
PHO.sol,0.5.0,PHO
Photo01.sol,0.4.25,Photo01
PhxGo.sol,0.4.22,StandardToken PhxGo
Pi.sol,0.4.24,Pi
PIBC.sol,0.5.7,PIBC
PickflixGameFactory.sol,0.4.24,PickFlixToken PickflixGameMaster PickflixGameFactory
PicoMediaCoin.sol,0.4.24,PicoMediaCoin
PictosisGenesisToken.sol,0.5.6,Ownable PictosisGenesisToken
Pistoletoken.sol,0.4.24,Pistoletoken
PlanetagroExchange.sol,0.4.25,PlanetagroExchange
PlatformTeamCoinVer01.sol,0.4.22,PlatformTeamCoinVer01
PlatformTeamCoinVer02.sol,0.4.24,PlatformTeamCoinVer02
play_me.sol,0.4.25,play_me
play_me_quiz.sol,0.4.25,play_me_quiz
PLAY_QUIZ.sol,0.4.25,PLAY_QUIZ
play_to_me.sol,0.4.25,play_to_me
PLGToken.sol,0.4.24,PLGToken
PLUCOIN.sol,0.4.24,PLUCOIN
PLXE.sol,0.4.16,PLXE
PLXStableToken.sol,0.5.2,PLXStableToken
PoaCrowdsale.sol,0.4.24,PoaCrowdsale
PoaToken.sol,0.4.24,StandardToken Ownable PoaToken
POC.sol,0.4.25,POC
Polaris.sol,0.5.2,OracleToken Polaris
POLLUX.sol,0.4.24,PausableToken POLLUX
PolynomialInterestSetter.sol,0.5.7,PolynomialInterestSetter
POOL.sol,0.4.25,POOL
Pooled_funds.sol,0.4.25,Pooled_funds
Populous.sol,0.4.21,CurrencyToken AccessManager ERC1155 DepositContract Populous
PoriniDoGoodToken.sol,0.4.24,PoriniDoGoodToken
Port.sol,0.5.2,PortedToken Port
POSSCOIN.sol,0.4.24,POSSCOIN
PoundCoin.sol,0.4.25,PoundCoin
PouyanRoohiVsHamidTebbi.sol,0.4.10,PouyanRoohiVsHamidTebbi
PowerYoung.sol,0.4.16,PowerYoung
PowerYoungToken.sol,0.4.16,PowerYoungToken
PPF.sol,0.4.24,PPF
PRCToken.sol,0.4.18,PRCToken
preCrowdsaleETH.sol,0.5.7,preCrowdsaleETH
preCrowdsaleFiatBTC.sol,0.5.7,preCrowdsaleFiatBTC
Predatex.sol,0.4.22,Predatex
Predel.sol,0.4.21,Front Delo Grossbuch Predel
Presale.sol,0.4.24,Presale
PriceOracleProxy.sol,0.5.8,CErc20 Unitroller Comptroller PriceOracleProxy
PriceWatcher.sol,0.5.10,PriceWatcher
PRIN.sol,0.5.8,PRIN
ProgressiveUnlockWallet.sol,0.5.7,ProgressiveUnlockWallet
Promise.sol,0.4.25,Promise
ProofBox.sol,0.5.2,ProofBox
ProofOfExistence.sol,0.4.22,ProofOfExistence
Proxy.sol,0.5.3,Proxy
ProxyBonusContract.sol,0.5.6,ProxyBonusContract
ProxyFactory.sol,0.5.10,Proxy ProxyFactory
ProxyNemodax.sol,0.5.4,TokenExchanger ProxyNemodax
PublicResolver.sol,0.5.0,PublicResolver
PublishedToken.sol,0.5.0,PublishedToken
Publisher.sol,0.5.3,Publisher
PumaPayPullPayment.sol,0.5.0,PumaPayToken PumaPayPullPayment
PWMC.sol,0.4.15,PWMC
QBTCToken.sol,0.4.19,QBTCToken
QCH.sol,0.4.25,QCH
QIPC.sol,0.5.0,QIPC
QRToken.sol,0.5.5,ERC20 QRToken
QuantstampAudit.sol,0.4.25,StandardToken QuantstampAuditData QuantstampAuditTokenEscrow QuantstampAuditPolice QuantstampAuditReportData QuantstampAudit
Qude.sol,0.4.23,Qude
QueenXChain.sol,0.4.23,QueenXChain
Querier.sol,0.5.3,Operator Querier
quest_question.sol,0.4.10,quest_question
QuickChainToken.sol,0.5.6,QuickChainToken
QUICK_GAME.sol,0.4.25,QUICK_GAME
QUICK_QUEST.sol,0.4.25,QUICK_QUEST
QUICK_QUIZ.sol,0.4.25,QUICK_QUIZ
quizgame.sol,0.4.25,quizgame
QUIZ_QUIZ.sol,0.4.25,QUIZ_QUIZ
QunFaBa.sol,0.4.19,QunFaBa
QuorumVote.sol,0.5.4,Reputation QuorumVote
qwerweisa.sol,0.4.25,qwerweisa
QWEWW.sol,0.4.25,QWEWW
R3Token.sol,0.4.23,R3Token
RadToken.sol,0.5.4,RadToken
RadxCollectible.sol,0.5.0,RadxCollectible
RAE.sol,0.5.7,RAE
raffleContract.sol,0.5.0,raffleContract
Rahitiara.sol,0.4.25,Rahitiara
RAR.sol,0.4.25,RAR
RareAssetsCoin.sol,0.5.0,RareAssetsCoin
RaspberryPI.sol,0.4.18,RaspberryPI
RateOfGood.sol,0.4.24,RateOfGood
RAYSAToken.sol,0.5.2,RAYSAToken
readFiftyContract.sol,0.5.1,FiftyContract readFiftyContract
REALES.sol,0.4.16,REALES
RealitioArbitratorProxy.sol,0.4.24,Realitio RealitioArbitratorProxy
REALT.sol,0.5.1,REALT
Redeemer.sol,0.5.4,Reputation DAOToken Avatar GenesisProtocol ContributionReward Redeemer
REDiToken.sol,0.5.0,REDiToken
RedTokenCore.sol,0.5.7,RedTokenCore
RegD.sol,0.5.0,ICOToken RegD
Registry.sol,0.5.3,Registry
RegularToken.sol,0.4.19,XGToken
RegulatedTokenERC1404.sol,0.4.24,ServiceRegistry RegulatorService RegulatedTokenERC1404
RegulatorService.sol,0.4.24,RegulatorService
RemixToken.sol,0.4.24,RemixToken
RemoteCoin.sol,0.5.0,RemoteCoin
RentalChain.sol,0.4.24,RentalChain
RentChain.sol,0.4.24,RentChain
RentingAHouse.sol,0.4.24,RentingAHouse
Rento.sol,0.4.24,Rento
REO.sol,0.5.3,REO
REPE.sol,0.4.18,REPE
Request.sol,0.4.16,Request
RequestERC20.sol,0.4.23,RequestCore RequestERC20
ReservedTokensFinalizeAgent.sol,0.4.11,SafeMathLibExt CrowdsaleTokenExt ReservedTokensFinalizeAgent
ReserveRightsToken.sol,0.4.24,ReserveRightsToken
ReserveToken.sol,0.4.2,ReserveToken AccountLevelsTest creedexchange
RetroArt.sol,0.5.0,RetroArt
RetroArtStemToken.sol,0.5.0,RetroArt RetroArtStemToken
RetroArtTokenAuction.sol,0.5.0,RetroArt RetroArtTokenAuction
RevelationDiamond.sol,0.4.24,RevelationDiamond
RevelationGold.sol,0.4.24,RevelationGold
RevelationPlatinum.sol,0.4.24,RevelationPlatinum
Reward.sol,0.4.24,Reward
RewardableValidators.sol,0.4.19,RewardableValidators
RewardEscrow.sol,0.4.24,RewardEscrow
RewardJetToken.sol,0.4.24,RewardJetToken
Rewards1Coin.sol,0.4.24,Rewards1Coin
RewardsMinter.sol,0.4.24,RewardsToken RewardsMinter
RewardsToken.sol,0.4.24,RewardsToken
RewardWorK.sol,0.4.23,RewardWorK
RGO.sol,0.4.19,RGO
RichCoin.sol,0.4.24,RichCoin
RigidBit.sol,0.4.22,RigidBit
RivetToken.sol,0.4.25,RivetToken
RNBW5.sol,0.5.7,RNBW5
RNG.sol,0.5.6,RNG
RoboAiCoin.sol,0.4.19,RoboAiCoin
RookieCoinX.sol,0.5.7,RookieCoinX
RoseToken.sol,0.5.0,RoseToken
ROTH.sol,0.4.18,ROTH
RoyaltyCOIN.sol,0.4.18,RoyaltyCOIN
RST.sol,0.4.24,RST
RTCToken.sol,0.4.18,RTCToken
RTNToken.sol,0.4.21,RTNToken
Rucid.sol,0.4.11,SafeMath Rucid
RUC_Token.sol,0.4.24,TokenVesting TokenVault RUC_Token
SACT.sol,0.4.16,SoutheastAsianCash
safe.sol,0.4.25,safe
SafeMathLibExt.sol,0.4.10,SafeMathLibExt
Sale.sol,0.5.6,Manageable Sale
SampleContest.sol,0.4.24,SampleContest
SampleERC865Token.sol,0.5.8,SampleERC865Token
SardineChainToken.sol,0.4.15,SardineChainToken
SatoshiZero.sol,0.4.24,SatoshiZero
SaTT.sol,0.5.6,SaTT
SaverProxy.sol,0.5.0,SaverProxy
SAVERToken.sol,0.4.24,KYCVerification SAVERToken
SaveWon.sol,0.5.1,SaveWon
SBtesting.sol,0.5.0,SBtesting
Schedule50.sol,0.4.24,Schedule50
ScheduleStandard.sol,0.4.24,ScheduleStandard
SchemeRegistrar.sol,0.5.4,Reputation DAOToken Avatar GenesisProtocol SchemeRegistrar
SCHToken.sol,0.4.21,SCHToken
SCHTSub.sol,0.4.21,SCHTSub
sdcoin.sol,0.5.0,sdcoin
SDR.sol,0.5.0,SDR
SDToken.sol,0.4.22,SDToken
SEACASH.sol,0.4.23,SEACASH
SEACASHTokens.sol,0.4.23,SEACASHTokens
SecToken.sol,0.5.0,SecToken
SecurityToken.sol,0.4.24,TokenWhitelist BurnableToken SecurityToken
SelfHandsome.sol,0.4.25,SelfHandsome
SelfServiceAccessControls.sol,0.4.24,SelfServiceAccessControls
SelfServiceEditionCurationV2.sol,0.4.24,SelfServiceAccessControls SelfServiceEditionCurationV2
SelfServiceEditionCurationV3.sol,0.4.24,SelfServiceAccessControls SelfServiceEditionCurationV3
SendToken.sol,0.4.19,SendToken
SerenityTeamAllocator.sol,0.5.7,SerenityTeamAllocator
ServiceRegistry.sol,0.4.24,ServiceRegistry
Set.sol,0.5.0,Crowdsourcing CrdSet
SetToken.sol,0.5.7,SetToken
SetTokenFactory.sol,0.5.7,SetToken SetTokenFactory
SFCCToken.sol,0.4.24,SFCCToken
SFToken.sol,0.4.11,SFToken
ShareDollars.sol,0.4.22,
SharkCoinToken.sol,0.4.18,SharkCoinToken Mainsale Presale Configurator
SHERE_PFIII_III_883.sol,0.4.21,SHERE_PFIII_III_883
SHERE_PFIII_II_883.sol,0.4.21,SHERE_PFIII_II_883
SHERE_PFIII_I_883.sol,0.4.21,SHERE_PFIII_I_883
SHERE_PFII_III_883.sol,0.4.21,SHERE_PFII_III_883
SHERE_PFII_II_883.sol,0.4.21,SHERE_PFII_II_883
SHERE_PFII_I_883.sol,0.4.21,SHERE_PFII_I_883
SHERE_PFIV_III_883.sol,0.4.21,SHERE_PFIV_III_883
SHERE_PFIV_II_883.sol,0.4.21,SHERE_PFIV_II_883
SHERE_PFIV_I_883.sol,0.4.21,SHERE_PFIV_I_883
SHERE_PFI_III_883.sol,0.4.21,SHERE_PFI_III_883
SHERE_PFI_II_883.sol,0.4.21,SHERE_PFI_II_883
SHERE_PFI_I_883.sol,0.4.21,SHERE_PFI_I_883
SHERE_PFVII_883.sol,0.4.21,SHERE_PFVII_883
SHERE_PFVI_883.sol,0.4.21,SHERE_PFVI_883
SHERE_PFV_III_883.sol,0.4.21,SHERE_PFV_III_883
SHERE_PFV_II_883.sol,0.4.21,SHERE_PFV_II_883
SHERE_PFV_I_883.sol,0.4.21,SHERE_PFV_I_883
ShrimpFarmer.sol,0.4.24,EthVerifyCore ShrimpFarmer
SHUT.sol,0.5.0,SHUT
shy.sol,0.4.22,shy
SIBU.sol,0.4.18,SIBU
SicBo.sol,0.4.24,SicBo
Signidice.sol,0.5.7,Signidice
SignkeysBonusProgramRewards.sol,0.4.24,SignkeysToken SignkeysBonusProgram SignkeysBonusProgramRewards SignkeysCrowdsale
SilaToken.sol,0.5.2,SilaToken
SilverwayToken.sol,0.4.20,SilverwayToken
Simple.sol,0.5.7,Simple
SimpleLottery.sol,0.4.24,SimpleLottery
simpleToken(1).sol,0.4.21,simpleToken
SimpleToken.sol,0.4.22,SimpleToken
SimpleVote.sol,0.5.0,SimpleVote
SimpleWallet.sol,0.4.22,SimpleWallet
SirinSmartToken.sol,0.4.18,SirinSmartToken
sixGEToken.sol,0.4.21,sixGEToken
SkToken.sol,0.5.0,SkToken
Skyme.sol,0.4.24,Skyme
SLC.sol,0.4.22,SLC
SlotsCoin.sol,0.5.5,SlotsCoin
SmartCoin.sol,0.4.24,SmartCoin
SmartContractFactory.sol,0.4.25,SmartContractFactory
SmartLotto.sol,0.5.1,SmartLotto
SMIC.sol,0.4.18,SMIC
SMT.sol,0.4.15,SMT
SNGTContract.sol,0.4.24,SNGTContract
Soar.sol,0.5.2,SoarStorage Soar
SoarStorage.sol,0.5.2,SoarStorage
SocialMarketingCoin.sol,0.4.25,SocialMarketingCoin
SOContract.sol,0.5.1,SOContract
SodaCoin.sol,0.4.24,SodaCoin
SolidifiedDepositableFactory.sol,0.5.0,SolidifiedDepositable SolidifiedDepositableFactory
SolidifiedMain.sol,0.5.0,SolidifiedVault SolidifiedMain
SolidifiedVault.sol,0.5.0,SolidifiedVault
SoloMargin.sol,0.5.7,SoloMargin
Sopow.sol,0.5.0,Sopow
Soraix.sol,0.4.25,Soraix
SorryTrueUSD.sol,0.4.23,Registry BalanceSheet AllowanceSheet SorryTrueUSD
SPCAToken.sol,0.4.11,SafeMath SPCAToken
SpheroidToken.sol,0.4.20,SpheroidToken
SpinLottery.sol,0.4.24,TokenERC20 SpinLottery
SpinToken.sol,0.4.24,SpinToken
SpinWin.sol,0.4.24,TokenERC20 SpinWin
SpinWinLibrary.sol,0.4.24,
splitPayKleee02.sol,0.5.2,splitPayKleee02
SportX.sol,0.4.25,SportX
SpotChainToken.sol,0.4.22,
SPTToken.sol,0.5.8,SPTToken
SRATOKEN.sol,0.4.24,SRATOKEN
Stablecoin.sol,0.5.0,Stablecoin
StablePriceOracle.sol,0.5.0,StablePriceOracle
StakeFreezer.sol,0.4.25,PoolCore StakeFreezer GoldmintPool
Staking.sol,0.4.25,Staking
StandardBounties.sol,0.5.7,HumanStandardToken ERC721BasicTokenMock StandardBounties
StandardToken.sol,0.4.24,StandardToken
StatementRegistery.sol,0.5.3,StatementRegistery
STBCToken.sol,0.4.22,STBCToken
STCMToken.sol,0.5.2,STCMToken
STELLARCLASSIC.sol,0.4.24,STELLARCLASSIC
StereoWallet.sol,0.5.2,StereoWallet
STO.sol,0.4.25,STO
StokrProjectManager.sol,0.4.25,Whitelist StokrToken StokrTokenFactory StokrCrowdsale StokrCrowdsaleFactory StokrProjectManager
Storage.sol,0.5.2,Storage
storeum.sol,0.4.25,storeum
StreampayToken.sol,0.4.16,StreampayToken
StsToken.sol,0.4.24,StsToken
STTC.sol,0.5.0,STTC
Stubs.sol,0.4.24,Stubs
SubdomainMigrationRegistrar.sol,0.5.0,DeedImplementation HashRegistrar SubdomainMigrationRegistrar
SUeSdY.sol,0.4.25,SUeSdY
Sugma.sol,0.4.25,Sugma
SunPowerToken.sol,0.4.18,SunPowerToken
SuperAfrica.sol,0.5.0,PriceWatcherPlaceholder SuperAfrica
SuperLaunch.sol,0.5.0,PriceWatcherPlaceholder SuperLaunch
SuperToken.sol,0.5.0,SuperToken
SupplySchedule.sol,0.4.24,TokenState Proxy ExchangeRates SynthetixState Synth Synthetix SupplySchedule
Support.sol,0.4.24,TokenERC20 Support
SURF.sol,0.5.8,SURF
SVChain.sol,0.4.10,SVChain
SWAP20.sol,0.4.18,SWAP20
Swaps.sol,0.5.7,Vault Swaps
Swidex.sol,0.5.7,Swidex
SYCoin.sol,0.4.18,SYCoin
Synth.sol,0.4.24,TokenState Proxy SynthetixEscrow SynthetixState ExchangeRates Synthetix FeePool Synth
Synthetix.sol,0.4.24,TokenState Proxy SupplySchedule ExchangeRates SynthetixState Synth Synthetix
szfcMerkleRoot.sol,0.5.2,szfcMerkleRoot
S_BANK.sol,0.4.25,S_BANK Log
TAF.sol,0.4.24,TAF
TAN.sol,0.5.0,TAN
TandaPayDemo.sol,0.4.24,TandaPayDemo
TangMoCoin.sol,0.4.24,TangMoCoin
task.sol,0.4.20,task
TAUR.sol,0.4.18,TAUR
TavuxCoin.sol,0.4.24,TavuxCoin
TBIZToken.sol,0.4.25,TBIZToken
tbriks.sol,0.4.24,tbriks
TBT.sol,0.5.4,TBT
TCT.sol,0.4.22,TCT
TeaiToken.sol,0.4.24,TeaiToken
TEAToken.sol,0.4.25,TEAToken
TeiyoCoin.sol,0.5.8,TeiyoCoin
TelomereToken.sol,0.4.23,TelomereToken
TemplateCrowdsale.sol,0.4.23,MainToken TemplateCrowdsale
TenCashStandardToken.sol,0.4.10,TenCashStandardToken
TengyingToken.sol,0.4.24,TengyingToken
TennisToken.sol,0.5.7,Migrations TennisToken
TERR.sol,0.4.25,TERR
TerraVirtua.sol,0.4.22,TerraVirtua
test.sol,0.5.7,test
Test1.sol,0.4.25,Test1
test11.sol,0.4.25,test11
Test13.sol,0.4.25,Test13
TEST135.sol,0.4.23,TEST135
Test15.sol,0.4.25,Test15
TestABI.sol,0.4.25,TestABI
TestBool.sol,0.4.25,TestBool
testcc.sol,0.4.25,testcc
TestCoin.sol,0.4.21,TestCoin
TestContract.sol,0.4.22,TestContract
TestCToken.sol,0.5.0,TestCToken
TestMultiSig.sol,0.4.25,TestMultiSig
TestR.sol,0.5.0,TestR
TestToken(1).sol,0.5.2,TestToken
TESTToken.sol,0.5.0,TESTToken
TetherToken.sol,0.5.2,TetherToken
TGBPController.sol,0.4.23,TGBPController
TheBestToken.sol,0.4.24,TheBestToken
THE_BANK.sol,0.4.25,THE_BANK Log
the_game.sol,0.4.25,the_game
the_longest_April.sol,0.4.25,the_longest_April
THE_RIDDLE.sol,0.4.25,THE_RIDDLE
the__game.sol,0.4.25,the__game
ThunderCore.sol,0.4.18,ThunderCore
Tibnioc.sol,0.5.4,Tibnioc
TICOEX.sol,0.4.25,TICOEX
TIDA.sol,0.4.25,TIDA
Timelock.sol,0.4.24,Timelock
TimeLockedWallet.sol,0.4.18,TimeLockedWallet
TIMEToken.sol,0.4.22,StandardMintableToken TIMEToken TIMETokenSafe TIMETokenFundraiser
TLDR.sol,0.4.25,TLDR
TocKioskToken.sol,0.4.16,TocKioskToken
Token.sol,0.4.24,Token
TokenAirdroperFor5GT.sol,0.4.23,TokenAirdroperFor5GT
TokenBank.sol,0.5.0,TokenBank
TokenBOSC.sol,0.4.24,TokenBOSC
TokenCapGC.sol,0.5.4,TokenCapGC
TokenContract.sol,0.4.23,TokenContract
TokenController.sol,0.4.23,Registry BalanceSheet AllowanceSheet OwnedUpgradeabilityProxy TokenController
TokenCreator.sol,0.4.21,ERC20Token TokenRegistry TokenCreator
TokenD.sol,0.4.21,Ownable TokenD
TokenDB.sol,0.4.18,TokenDB
TokenDemo.sol,0.4.16,TokenDemo
TokenDotFactory.sol,0.4.24,TokenDotFactory
TokenDRC.sol,0.4.10,TokenDRC
TokenERC20.sol,0.5.0,TokenERC20
TokenExchanger.sol,0.5.4,TokenExchanger ProxyNemodax
TokenFRTProxy.sol,0.5.2,TokenFRTProxy
TokenIXV.sol,0.4.10,TokenIXV
TokenizedDerivativeCreator.sol,0.5.0,AddressWhitelist Registry TokenizedDerivative TokenizedDerivativeCreator
TokenizedProperty.sol,0.5.4,TokenizedProperty
TokenLib.sol,0.4.18,TokenDB TokenLib
TokenListingManager.sol,0.5.0,MiniMeTokenFactory DestructibleMiniMeToken DestructibleMiniMeTokenFactory TokenListingManager
TokenManager.sol,0.4.24,ACLHelpers KernelAppIds MiniMeToken MiniMeTokenFactory TokenManager
TokenMintERC20MintableToken.sol,0.5.0,TokenMintERC20MintableToken
TokenMintERC20Token.sol,0.5.0,TokenMintERC20Token
TokenOWL.sol,0.5.2,Proxy TokenOWL
TokenPayments.sol,0.4.24,TokenPayments
TokenRampSwaps.sol,0.5.3,TokenRampSwaps
Tokenroll.sol,0.4.24,Tokenroll
TokenSale.sol,0.5.4,TokenSale
TokenSales.sol,0.5.3,TokenSales
TokenSettings.sol,0.5.1,TokenSettings
TokenStarsAuctionHub.sol,0.4.24,TokenStarsAuctionHub TokenStarsAuctionHubMock TokenStarsAuction
TokenSwap.sol,0.5.2,TokenSwap
TokenTemp.sol,0.4.24,TokenTemp
TokenTemplate.sol,0.4.24,TokenTemplate
TokenTimelock.sol,0.5.2,TokenTimelock
TokenTraderFactory.sol,0.4.25,TokenTrader TokenTraderFactory
TokenTTDfourth.sol,0.4.22,TokenTTDfourth
TokenUnidirectional.sol,0.4.24,StandardToken TokenUnidirectional
TokenVault.sol,0.4.15,StandardTokenExt TokenVault
TokenVesting.sol,0.5.0,TokenVesting
TokenWPTT.sol,0.4.10,TokenWPTT
TokenZPCT.sol,0.5.0,TokenZPCT
TokoinToken.sol,0.5.0,TokenVesting TokoinToken
TomMonaLisa.sol,0.4.25,TomMonaLisa
TongCoin.sol,0.5.0,TongCoin
TongPay.sol,0.5.0,TongPay
TOONPL.sol,0.4.24,TOONPL
ToucheWhoeverFrontRanThat.sol,0.4.23,LetsBreakThings creatorProxy ToucheWhoeverFrontRanThat
TourCashStandardToken.sol,0.4.10,TourCashStandardToken
TOURCOM.sol,0.4.24,TOURCOM
TPCToken.sol,0.4.25,TPCToken
tppToken.sol,0.4.23,tppToken
TransferProxy.sol,0.5.7,TransferProxy
TransferValue.sol,0.5.0,TransferValue
TransitSale.sol,0.5.0,ERC20Mintable TransitSale
TransitToken.sol,0.5.0,TransitToken
TREAL.sol,0.5.1,TREAL
Treasure.sol,0.4.20,Treasure
Treasury.sol,0.5.3,Treasury
TreeToken.sol,0.4.18,TreeToken
Trextoken.sol,0.4.25,Trextoken
TritonPlus.sol,0.4.24,TritonPlus
Tri_Ag.sol,0.4.19,Tri_Ag
TRP_BLACK.sol,0.4.24,TRP_BLACK
TRP_GREEN.sol,0.4.24,TRP_GREEN
TRP_RED.sol,0.4.24,TRP_RED
TRP_WHITE.sol,0.4.24,TRP_WHITE
TrueAUD.sol,0.4.23,TrueAUD
TrueAUDMock.sol,0.4.23,Registry BalanceSheet AllowanceSheet TrueAUDMock
TrueCAD.sol,0.4.23,TrueCAD
TrueCADMock.sol,0.4.23,Registry BalanceSheet AllowanceSheet TrueCADMock
TrueGBP.sol,0.4.23,TrueGBP
TrueUSD.sol,0.4.18,AddressList AllowanceSheet BalanceSheet TrueUSD
TRYLToken.sol,0.4.24,TRYLToken
try_it.sol,0.4.25,try_it
TST_ERC.sol,0.4.25,TST_ERC
TST_ERC20.sol,0.4.25,TST_ERC20
TTC.sol,0.4.22,TTC
TukenMall.sol,0.4.21,TukenMall
TUNEToken.sol,0.4.23,TUNEToken
TuneTradeToken.sol,0.5.2,TuneTradeToken
TUNNCOIN.sol,0.4.24,TUNNCOIN
TURBOETH.sol,0.4.24,TURBOETH
TurkCoin.sol,0.4.25,TurkCoin
TUSTOKEN.sol,0.5.2,TUSTOKEN
TVToken.sol,0.4.21,TVToken
TwitterHumanityApplicant.sol,0.5.7,TwitterHumanityApplicant
TWOPercent.sol,0.4.22,TWOPercent
TXTToken.sol,0.4.18,TXTToken
TYD.sol,0.4.25,TYD
TyslinToken.sol,0.4.24,TyslinToken
UatgbTYg.sol,0.4.25,UatgbTYg
UBets.sol,0.4.25,UBets
uBitToken.sol,0.4.24,uBitToken
UController.sol,0.5.4,Reputation DAOToken Avatar UController
UCToken.sol,0.4.24,UCToken
UgLemeNz.sol,0.4.25,UgLemeNz
UKHToken.sol,0.4.16,UKHToken
UKR.sol,0.4.10,UKR
UKYCToken.sol,0.5.8,UKYCToken
UndergroundDollarBill.sol,0.4.18,UndergroundDollarBill
UniswapWrapper.sol,0.4.24,UniswapWrapper
Unitroller.sol,0.5.8,ComptrollerV1Storage Unitroller
Units.sol,0.4.25,Units
UniversalBasicIncome.sol,0.5.7,HumanityRegistry UniversalBasicIncome
UniversalUSD.sol,0.4.24,UniversalUSD
UOSToken.sol,0.5.2,UOSToken
UpBankToken.sol,0.4.24,UpBankToken
UPC.sol,0.5.8,UPC
Upcoin.sol,0.4.24,Upcoin
UPEToken.sol,0.4.16,UPEToken
UpgradebleStormSender.sol,0.4.20,UpgradebleStormSender
UpgradeScheme.sol,0.5.4,Reputation DAOToken Avatar GenesisProtocol UpgradeScheme
UPToken.sol,0.4.24,UPToken
uptrennd(1).sol,0.4.21,uptrennd
Uptrennd.sol,0.4.21,Uptrennd
UScoin.sol,0.4.24,UScoin
USDA.sol,0.5.0,USDA
UsdcPriceOracle.sol,0.5.7,UsdcPriceOracle
USDEX.sol,0.4.25,USDEX
USDp.sol,0.4.22,USDp
USDQToken.sol,0.4.24,USDQToken
USDSOCCER.sol,0.4.24,USDSOCCER
USDT.sol,0.4.23,USDT
USDTieredSTO.sol,0.4.24,PolymathRegistry RegistryUpdater USDTieredSTO
USDTieredSTOFactory.sol,0.4.24,USDTieredSTOProxy USDTieredSTOFactory
UsernameRegistry.sol,0.5.8,UsernameRegistry
UserProxy.sol,0.4.23,UserProxy
UserWallet.sol,0.4.25,WalletController UserWallet DefaultSweeper Token Casino
USHCToken.sol,0.4.24,USHCToken
USSR.sol,0.4.18,USSR
USXStableToken.sol,0.5.2,USXStableToken
UTT.sol,0.4.24,UTT
UXBToken.sol,0.5.2,UXBToken
VALANZ.sol,0.4.25,VALANZ
ValorTimelock.sol,0.4.22,ValorTimelock
ValorToken.sol,0.4.25,ValorToken
ValuesShare.sol,0.4.19,ContractReceiver ValuesShare
VANToken.sol,0.4.24,VANToken
Vault(1).sol,0.4.24,ACLHelpers KernelAppIds Vault
vault(2).sol,0.4.25,vault
VAULT.sol,0.4.25,VAULT
VBTC.sol,0.5.6,VBTC
VCTToken.sol,0.4.25,VCTToken
Vera.sol,0.4.24,Vera
VeriBlock.sol,0.4.18,VeriBlock
VeriDex.sol,0.5.0,VeriDex
Vesting.sol,0.5.0,CommunityVesting EcosystemVesting SeedPrivateAdvisorVesting TeamVesting Vesting
VestingScheme.sol,0.5.4,Reputation DAOToken Avatar GenesisProtocol VestingScheme
VfSE_Lottery_3.sol,0.4.26,VfSE_Lottery_3
VganToken.sol,0.4.18,VganToken
VIASToken.sol,0.4.24,VIASToken
VIDERC20.sol,0.4.22,VIDERC20
VinciToken.sol,0.5.8,VinciToken
VintageBCenD.sol,0.5.0,VintageBCenD
VinterCapital.sol,0.5.4,VinterCapital
VIPToken.sol,0.4.25,VIPToken
VMembersCoin.sol,0.4.24,VMembersCoin
VOISE.sol,0.4.6,VOISE
VokenDevelopersFund.sol,0.5.7,VokenDevelopersFund
VokenTeamFund.sol,0.5.7,VokenTeamFund
VOL.sol,0.4.24,VOL
VOLTZToken.sol,0.4.18,VOLTZToken
VOLUM.sol,0.4.23,VOLUM
VoteIncrease2Percent.sol,0.4.0,VoteIncrease2Percent
VoteIncrease4Percent.sol,0.4.0,VoteIncrease4Percent
VoteIncreaseOne.sol,0.5.0,VoteIncreaseOne
VoteIncreaseThree.sol,0.5.0,VoteIncreaseThree
VoteIncreaseTwo.sol,0.5.0,VoteIncreaseTwo
VoteInOrganizationScheme.sol,0.5.4,Reputation DAOToken Avatar GenesisProtocol VoteInOrganizationScheme
VoteKeepStabilityFee.sol,0.4.0,VoteKeepStabilityFee
VoteNoIncrease.sol,0.5.0,VoteNoIncrease
VoteProxy.sol,0.4.22,DSToken DSChief DSChiefFab VoteProxy
VoteProxyFactory.sol,0.4.22,DSToken DSChief DSChiefFab VoteProxy VoteProxyFactory
VPCToken.sol,0.4.25,VPCToken
VrParkToken.sol,0.5.0,VrParkToken VrParkIcoStep ExchangeInteractor
VSD.sol,0.4.24,VSD
Vtoken.sol,0.4.25,Vtoken
WALL.sol,0.4.25,WALL
wallet(1).sol,0.4.25,wallet
WALLET.sol,0.4.25,WALLET
WalletController.sol,0.4.25,WalletController UserWallet DefaultSweeper Token Casino
WallOfChainToken.sol,0.4.24,WallOfChainToken
watch.sol,0.4.25,watch
WCToken.sol,0.4.25,WCToken
WEED.sol,0.5.4,WEED
WeedConnect.sol,0.5.0,WeedConnect
WeeklyGame.sol,0.5.6,WeeklyGame
WethPriceOracle.sol,0.5.7,WethPriceOracle
WhiteBitCoin.sol,0.5.0,WhiteBitCoin
Whitelist(1).sol,0.5.0,Whitelist
WhiteList.sol,0.5.7,WhiteList
WhitelistCrowdsale.sol,0.5.6,AirSaveTravelTokens WhitelistCrowdsale
WhitePaperInterestRateModel.sol,0.5.8,WhitePaperInterestRateModel
WhoWillDieFirstInGoTs8.sol,0.5.7,WhoWillDieFirstInGoTs8
WinEtherPot11.sol,0.4.23,WinEtherPot11
WINNER.sol,0.4.18,WINNER
WipeProxy.sol,0.5.0,WipeProxy
WiraToken.sol,0.5.0,WiraToken
WiraTokenSale.sol,0.5.0,WiraTokenSale
WiseBlockchain.sol,0.4.25,WiseBlockchain
WishListToken.sol,0.5.5,DreamCarToken WishListToken
WMCSToken.sol,0.4.23,WMCSToken
WNZCoin.sol,0.5.0,WNZCoin
WolfexToken.sol,0.5.0,Destructible WolfexToken
Wolftech.sol,0.4.11,SafeMath Wolftech
WoodMaterial.sol,0.4.25,WoodMaterial
WorkerpoolRegistry.sol,0.5.8,App AppRegistry Dataset DatasetRegistry Workerpool WorkerpoolRegistry IexecClerk IexecHub
WOSToken.sol,0.4.18,WOSToken
WotChain(1).sol,0.4.22,WotChain
WOTChain.sol,0.4.24,WOTChain
WUToken.sol,0.4.24,WUToken
WWCToken.sol,0.4.25,WWCToken
WWGProxyOMG.sol,0.4.25,WWGProxyOMG
X8B.sol,0.4.24,X8B
XaibeCoin.sol,0.4.22,XaibeCoin
XallCashCoin.sol,0.4.8,XallCashCoin
xAR.sol,0.5.0,xAR
xbase.sol,0.5.7,xbase
XBV.sol,0.4.25,XBV
XcelLab.sol,0.5.10,XcelLab
XcertUpdateProxy.sol,0.5.6,XcertUpdateProxy
Xcoin.sol,0.4.24,Whitelist Xcoin
xCTK.sol,0.5.0,xCTK
XDEX.sol,0.4.22,XDEX
xDFINITY.sol,0.5.0,xDFINITY
xDOT.sol,0.5.0,xDOT
XERA.sol,0.4.23,XERA
XetherGames.sol,0.5.6,XetherGames
XetherToken.sol,0.5.6,XetherToken
xEuro.sol,0.5.7,xEuro
xFIL.sol,0.5.0,xFIL
xGRAM.sol,0.5.0,xGRAM
XGToken.sol,0.4.21,XGToken
xHBAR.sol,0.5.0,xHBAR
XHHM.sol,0.4.21,XHHM
XIO.sol,0.4.25,XIO
XIOExchange.sol,0.4.25,XIOExchange
XLToken.sol,0.4.22,XLToken
XMD.sol,0.5.7,XMD
XmedLoyaltyToken.sol,0.5.0,XmedLoyaltyToken
XMT.sol,0.5.4,XMT
xOASIS.sol,0.5.0,xOASIS
xOCEAN.sol,0.5.0,xOCEAN
xORIGO.sol,0.5.0,xORIGO
xPERL.sol,0.5.0,xPERL
XPETOKEN.sol,0.4.18,XPETOKEN
XPN.sol,0.5.0,XPN
XRUN.sol,0.4.24,XRUN
XSCCToken.sol,0.5.2,XSCCToken
XSN.sol,0.4.24,XSN
XVQrRlEp.sol,0.4.25,XVQrRlEp
X_BANK.sol,0.4.25,X_BANK Log
X_wallet.sol,0.4.25,X_wallet
YaluCoin.sol,0.4.24,YaluCoin
YAONetwork.sol,0.4.24,YAONetwork
YearlyGame.sol,0.5.6,YearlyGame
YECToken.sol,0.4.25,YECToken
YeonMiToken.sol,0.5.0,YeonMiToken
YFT.sol,0.4.22,YFT
YGT.sol,0.4.24,YGT
YJSGold.sol,0.4.22,YJSGold
YKCToken.sol,0.5.1,YKCToken
YlcToken.sol,0.4.12,YlcToken
YMCCoin.sol,0.4.22,YMCCoin
YOH.sol,0.4.10,YOH
YpDtTGPzyr.sol,0.4.25,YpDtTGPzyr
YTAToken.sol,0.4.10,YTAToken
YUNToken.sol,0.4.22,YUNToken
ZabToken.sol,0.4.23,ZabToken
ZARVICBROTHERSLLC.sol,0.4.23,ZARVICBROTHERSLLC
zBetForFun.sol,0.5.1,zBetForFun
ZBToken.sol,0.4.22,ZBToken
zDappRunner.sol,0.5.1,zDappRunner
ZermattCoin.sol,0.5.2,ZermattCoin
ZeroPriceIndex.sol,0.4.25,ZeroPriceIndex
ZetTokenMint.sol,0.4.25,ZetTokenMint
ZikToken.sol,0.5.2,TokenTimelock AllowanceCrowdsale ZikToken
ZmineVoteBurn.sol,0.5.8,ZmineVoteBurn
ZmineVoteKeep.sol,0.5.8,ZmineVoteKeep
ZOLOTO.sol,0.4.25,ZOLOTO
ZTC.sol,0.5.0,ZTC
ZZToken.sol,0.5.7,ZZToken
_0xbccDividendCards.sol,0.4.25,_0xbccDividendCards
_0xBitconnect.sol,0.4.25,_0xBitconnect
_0xbtcBankroll.sol,0.4.25,_0xbtcBankroll
_0xLitecoin.sol,0.5.7,_0xLitecoin
_GreenStamps.sol,0.4.18,_GreenStamps